0.05	0.05	0.83	363327.8822117568	371043.62506416667	200043.6250641667
0.05	0.05	0.81	362327.79050541454	372094.6190258874	201094.6190258874
0.05	0.05	0.95	362327.74910230254	370167.50854594546	199167.50854594543
0.05	0.05	0.89	361327.85368706036	371576.86420413037	200576.86420413043
0.05	0.05	0.91	364327.65707150113	369399.9040012753	198399.90400127534
0.05	0.06	0.81	364327.83475426777	371252.87633867806	200252.8763386781
0.05	0.05	0.99	361327.6427045118	370329.1851668342	199329.18516683427
0.05	0.06	0.83	366327.78881208645	371976.54071671295	200976.54071671295
0.05	0.05	0.97	362327.65847974725	370339.0977857827	199339.0977857827
0.05	0.05	0.87	363327.7929222821	371577.2956778459	200577.2956778459
0.05	0.05	0.85	366327.7357736348	372060.9823140017	201060.98231400174
0.05	0.05	0.93	363327.76525225054	370626.2014889979	199626.201488998
0.05	0.06	0.89	361327.7008117074	367502.80130624294	196502.8013062429
0.05	0.06	0.91	363327.6951350801	369707.1009319424	198707.10093194238
0.05	0.06	0.95	362327.68498675723	368792.2278956887	197792.22789568867
0.05	0.06	0.87	362327.8563342731	371096.87531987746	200096.87531987746
0.05	0.06	0.85	364327.743728383	369850.0655094045	198850.06550940455
0.05	0.06	0.97	361327.71092826035	369362.3537889082	198362.35378890813
0.05	0.06	0.93	362327.6540536707	367185.47109063173	196185.47109063168
0.05	0.07	0.81	366327.75255158066	371357.7661593629	200357.76615936292
0.05	0.06	0.99	361327.64391010284	371376.69749933475	200376.69749933478
0.05	0.07	0.83	362327.87101904926	369934.64010894764	198934.64010894758
0.05	0.07	0.87	362327.75293729716	369774.5273045365	198774.52730453646
0.05	0.07	0.85	362327.80112362764	368673.77957132476	197673.7795713248
0.05	0.07	0.89	364327.66402225354	368462.44535365823	197462.44535365826
0.05	0.08	0.81	363327.70420932944	368099.2735212771	197099.2735212771
0.05	0.07	0.93	362327.65756686596	367986.90388959873	196986.90388959876
0.05	0.08	0.83	363327.8373956146	367980.21528534463	196980.21528534457
0.05	0.07	0.91	364327.6541429475	369368.4927480033	198368.4927480033
0.05	0.07	0.99	361327.67049050576	370864.42516379064	199864.42516379064
0.05	0.08	0.85	362327.787578666	366966.5550365538	195966.55503655394
0.05	0.07	0.95	361327.7205205347	368095.4535619561	197095.45356195612
0.05	0.07	0.97	362327.64581113076	370061.32728109264	199061.3272810926
0.05	0.08	0.89	362327.7317438152	367182.95797652396	196182.95797652402
0.05	0.08	0.91	363327.6952575906	368463.42499752366	197463.4249975237
0.05	0.08	0.87	363327.7127011093	366842.7959170129	195842.79591701287
0.05	0.08	0.93	365327.60911610274	368915.1847610475	197915.18476104748
0.05	0.08	0.95	361327.7387022992	368733.0797371439	197733.07973714385
0.05	0.08	0.97	362327.623791515	368925.93441557983	197925.9344155799
0.05	0.09	0.83	364327.7757977133	368636.9358254237	197636.93582542372
0.05	0.08	0.99	361327.6979099589	372022.1742595531	201022.17425955308
0.05	0.09	0.81	362327.8081900673	368875.2075137333	197875.20751373327
0.05	0.09	0.85	363327.8535865984	368286.7858307008	197286.7858307008
0.05	0.09	0.87	362327.7025414871	367901.17303830315	196901.17303830312
0.05	0.09	0.91	363327.59846688074	367874.045553859	196874.04555385892
0.05	0.09	0.89	364327.6930671937	368520.6832577681	197520.6832577681
0.05	0.09	0.93	363327.68860537914	367769.33541321714	196769.3354132172
0.05	0.09	0.95	362327.6172675398	367215.1996793774	196215.19967937737
0.05	0.09	0.97	362327.55908911943	368971.3352250375	197971.33522503747
0.05	0.09	0.99	361327.6332088541	370532.2283739703	199532.22837397037
0.05	0.1	0.87	362327.7965451725	367373.2637634989	196373.2637634989
0.05	0.1	0.85	362327.772558635	367337.56413528416	196337.56413528416
0.05	0.1	0.81	363327.8034073394	366797.4336253402	195797.4336253402
0.05	0.1	0.83	363327.730625641	366838.6507864352	195838.65078643514
0.05	0.1	0.89	362327.73046618735	367890.4819834461	196890.4819834461
0.05	0.1	0.91	363327.595011812	367482.6788731832	196482.6788731832
0.05	0.1	0.93	361327.6515186721	367117.30056791345	196117.30056791348
0.05	0.1	0.97	362327.6214699631	369060.83294928586	198060.83294928586
0.05	0.1	0.99	362327.64157820423	371253.6934008996	200253.69340089962
0.05	0.1	0.95	362327.65243469225	367776.35432541696	196776.35432541702
0.05	0.11	0.81	361327.78681506607	366680.93000581255	195680.9300058125
0.05	0.11	0.83	364327.7181982325	367680.54952508496	196680.5495250849
0.05	0.11	0.85	362327.6792082048	365914.1030234133	194914.10302341328
0.05	0.11	0.87	361327.7346714436	365651.76081934624	194651.76081934627
0.05	0.11	0.89	364327.70855854626	368189.1793709162	197189.1793709162
0.05	0.11	0.91	363327.640315932	367496.1679591698	196496.1679591698
0.05	0.11	0.93	362327.60822632967	367403.8160339053	196403.81603390534
0.05	0.11	0.97	362327.70332039834	370866.82748537604	199866.82748537604
0.05	0.11	0.95	362327.65764442633	369059.2498227473	198059.24982274728
0.05	0.11	0.99	361327.67124313157	371759.2968428755	200759.29684287548
0.05	0.12	0.81	364327.7610888631	367537.719850762	196537.71985076193
0.05	0.12	0.83	362327.6677373197	365446.257574941	194446.25757494097
0.05	0.12	0.85	365327.66967625404	367797.30097471684	196797.30097471687
0.05	0.12	0.87	363327.643924166	366251.8375826898	195251.8375826898
0.05	0.12	0.91	364327.6275825581	369088.9513930254	198088.95139302532
0.05	0.12	0.89	361327.63805455656	365256.4733110234	194256.47331102338
0.05	0.12	0.93	365327.5999104996	369609.2502745525	198609.2502745525
0.05	0.12	0.95	362327.6803219336	369359.57997777686	198359.5799777769
0.05	0.12	0.97	362327.59506499	370683.04727760254	199683.0472776025
0.05	0.12	0.99	362327.63318584266	370962.48894239427	199962.48894239427
0.05	0.13	0.81	363327.8010109518	366047.66517795314	195047.66517795314
0.05	0.13	0.85	363327.6893914398	366672.67767395504	195672.677673955
0.05	0.13	0.83	364327.684678655	367333.78974647244	196333.78974647235
0.05	0.13	0.87	364327.70038523414	367753.0155876342	196753.01558763412
0.05	0.13	0.89	363327.67085496604	367931.8670453917	196931.86704539173
0.05	0.13	0.91	364327.6046063559	367650.5307113974	196650.5307113974
0.05	0.13	0.93	364327.57135450107	369326.9912120657	198326.9912120657
0.05	0.13	0.95	362327.6096822042	368304.80159937707	197304.8015993771
0.05	0.13	0.99	361327.5751609264	370728.3489089772	199728.3489089772
0.05	0.13	0.97	362327.5790065928	370384.9410582926	199384.94105829258
0.05	0.14	0.81	363327.857367818	367315.23044381954	196315.23044381954
0.05	0.14	0.83	361327.7261794692	364927.26825059816	193927.26825059808
0.05	0.14	0.85	363327.8023160496	366485.9086866425	195485.90868664245
0.05	0.14	0.87	363327.670097668	366191.2218013696	195191.22180136963
0.05	0.14	0.89	361327.7028994236	365885.82198255433	194885.82198255433
0.05	0.14	0.91	363327.61477992486	367271.3317132322	196271.3317132323
0.05	0.14	0.93	362327.6585850696	367423.8652550975	196423.8652550975
0.05	0.14	0.95	363327.5936791119	369267.1826939719	198267.1826939719
0.05	0.14	0.97	361327.58889184386	369815.68620321824	198815.68620321827
0.06	0.05	0.81	363327.8826878758	373945.2748431008	202945.27484310084
0.05	0.14	0.99	362327.6425866842	371416.4228573594	200416.42285735943
0.06	0.05	0.83	363327.9193616421	373609.9276503908	202609.92765039075
0.06	0.05	0.85	363327.8614174152	372415.45428343455	201415.45428343458
0.06	0.05	0.87	362327.8418634661	371811.4591162014	200811.45911620132
0.06	0.05	0.89	363327.8866510525	372380.30297764397	201380.30297764397
0.06	0.05	0.91	362327.82852103596	370980.87917667173	199980.87917667176
0.06	0.05	0.93	362327.77914972726	369790.55985403736	198790.55985403736
0.06	0.05	0.95	366327.57798693737	371151.8376751845	200151.83767518445
0.06	0.05	0.97	363327.63407415414	370700.0577761693	199700.0577761693
0.06	0.05	0.99	363327.6670427181	371466.49312827986	200466.49312827986
0.06	0.06	0.81	363327.81722147064	372679.2791503814	201679.27915038142
0.06	0.06	0.83	361327.9262956934	370928.1535730786	199928.15357307863
0.06	0.06	0.85	361327.90321428125	372003.8279697543	201003.82796975426
0.06	0.06	0.87	362327.77742396394	370074.3972019391	199074.39720193908
0.06	0.06	0.89	361327.80305543396	369237.3281397967	198237.32813979668
0.06	0.06	0.91	362327.71869957243	368104.73840116645	197104.73840116645
0.06	0.06	0.93	361327.69523484295	367658.960753969	196658.96075396898
0.06	0.06	0.95	362327.7039865347	368751.2991028949	197751.2991028949
0.06	0.06	0.97	362327.6589371138	369933.96910716384	198933.9691071638
0.06	0.06	0.99	361327.72431496234	371748.787120433	200748.787120433
0.06	0.07	0.81	363327.94816024014	372370.89651344885	201370.89651344888
0.06	0.07	0.83	362327.7858828505	368883.8421663561	197883.84216635607
0.06	0.07	0.85	363327.831436783	370859.41843886947	199859.41843886944
0.06	0.07	0.89	363327.79911228176	370804.8524385045	199804.8524385045
0.06	0.07	0.87	364327.7303122995	369941.1033819806	198941.10338198062
0.06	0.07	0.93	363327.72539263143	369788.7440192256	198788.74401922556
0.06	0.07	0.91	364327.7418834966	369169.07333645935	198169.07333645935
0.06	0.07	0.95	362327.6499673404	368223.53583072854	197223.5358307285
0.06	0.07	0.97	361327.7064681058	369624.8912943591	198624.89129435914
0.06	0.07	0.99	363327.6662567852	372456.582413674	201456.582413674
0.06	0.08	0.81	363327.814589445	370635.2469711952	199635.24697119519
0.06	0.08	0.83	363327.90270701284	370329.5235628483	199329.52356284816
0.06	0.08	0.85	363327.7384711987	367567.48418379563	196567.48418379566
0.06	0.08	0.89	361327.7870539618	367343.20344498416	196343.20344498413
0.06	0.08	0.87	364327.6857429887	368037.98398436594	197037.9839843659
0.06	0.08	0.93	363327.6621937828	369165.9660879663	198165.9660879663
0.06	0.08	0.91	365327.6498706078	369639.3870559585	198639.3870559585
0.06	0.08	0.95	362327.7175013165	369545.2108890339	198545.21088903386
0.06	0.08	0.97	361327.6361073001	369366.90397196874	198366.9039719688
0.06	0.08	0.99	361327.66047650593	370419.12725948135	199419.12725948126
0.06	0.09	0.81	363327.7949072224	367860.97667019704	196860.97667019698
0.06	0.09	0.83	362327.7890418588	367259.98845648876	196259.98845648876
0.06	0.09	0.85	362327.8461515681	368773.7970181416	197773.7970181416
0.06	0.09	0.87	363327.7554804194	368613.56693190965	197613.56693190965
0.06	0.09	0.89	362327.7863848341	368871.04691375745	197871.0469137575
0.06	0.09	0.91	361327.7313045285	367451.44100505713	196451.44100505707
0.06	0.09	0.93	362327.6330036634	367749.12328715547	196749.12328715547
0.06	0.09	0.97	361327.69424591557	369412.3833234912	198412.38332349123
0.06	0.09	0.95	362327.69438399345	368555.76377029356	197555.7637702936
0.06	0.09	0.99	362327.6458359199	371752.72496255214	200752.72496255205
0.06	0.1	0.81	365327.699578576	369707.92385298974	198707.92385298974
0.06	0.1	0.83	362327.8451946767	368415.0773342555	197415.07733425553
0.06	0.1	0.85	363327.762690279	367020.75833484443	196020.7583348444
0.06	0.1	0.87	363327.6492298545	367966.09385306964	196966.09385306964
0.06	0.1	0.89	363327.72893557174	369111.1189576959	198111.11895769593
0.06	0.1	0.91	362327.76688764675	367735.9623642362	196735.96236423615
0.06	0.1	0.93	362327.6619603062	367703.6984451643	196703.6984451643
0.06	0.1	0.95	364327.62112876214	369634.07787302916	198634.07787302916
0.06	0.1	0.97	362327.61584638193	368203.8529208738	197203.85292087376
0.06	0.11	0.81	363327.72637396684	367040.722754708	196040.722754708
0.06	0.1	0.99	361327.6127486805	370901.0076667762	199901.0076667762
0.06	0.11	0.83	362327.79517139355	366666.5496745268	195666.5496745268
0.06	0.11	0.85	362327.71283158124	366151.42436697206	195151.4243669721
0.06	0.11	0.87	364327.70987647667	367572.224689569	196572.224689569
0.06	0.11	0.89	361327.70194473956	365885.8240174341	194885.82401743406
0.06	0.11	0.91	362327.72368712036	367140.08449845057	196140.0844984505
0.06	0.11	0.93	363327.6093120093	367391.02079504187	196391.02079504187
0.06	0.11	0.95	364327.59842276305	368400.2986547439	197400.2986547439
0.06	0.11	0.97	362327.61694827344	369731.54802253115	198731.54802253118
0.06	0.11	0.99	361327.63239281403	370534.6197111457	199534.61971114564
0.06	0.12	0.81	363327.75472770573	367114.82044218224	196114.82044218233
0.06	0.12	0.83	363327.8130626386	368193.2859092228	197193.28590922285
0.06	0.12	0.85	362327.73419432284	365671.76935867977	194671.76935867977
0.06	0.12	0.87	363327.707911319	367128.2244176596	196128.2244176596
0.06	0.12	0.89	362327.6979552679	367469.81064068206	196469.81064068206
0.06	0.12	0.91	361327.61640176334	366003.16894814733	195003.1689481473
0.06	0.12	0.95	364327.56431177893	369038.19442051643	198038.19442051643
0.06	0.12	0.93	363327.6332896479	368019.6802458096	197019.6802458096
0.06	0.12	0.97	361327.630036337	368340.9936887361	197340.99368873605
0.06	0.12	0.99	361327.64665860625	370476.4129069713	199476.41290697127
0.06	0.13	0.81	364327.6853710232	367259.07319558476	196259.07319558482
0.06	0.13	0.83	364327.72009476006	369001.82930309215	198001.82930309212
0.06	0.13	0.85	362327.7815049212	367463.3259247117	196463.32592471177
0.06	0.13	0.87	361327.7469685511	365910.4955332375	194910.49553323758
0.06	0.13	0.89	363327.6077751373	367016.11992465233	196016.11992465233
0.06	0.13	0.91	363327.697969884	367542.1451504248	196542.1451504248
0.06	0.13	0.93	361327.73352197855	367055.76500653784	196055.7650065378
0.06	0.13	0.95	363327.61683620524	367927.36946960643	196927.36946960646
0.06	0.13	0.97	361327.6500820167	369440.3682733698	198440.36827336982
0.06	0.13	0.99	361327.60457144404	370491.4206856371	199491.42068563707
0.06	0.14	0.81	365327.794619532	368150.22990270326	197150.22990270326
0.06	0.14	0.83	363327.7665306133	366650.99538095517	195650.99538095514
0.06	0.14	0.85	363327.721118219	367333.9838430915	196333.98384309156
0.06	0.14	0.87	364327.68035638536	367780.35753983166	196780.35753983172
0.06	0.14	0.89	364327.71167101664	367984.39269222674	196984.39269222668
0.06	0.14	0.91	365327.5552927797	369145.0499956975	198145.04999569754
0.06	0.14	0.93	364327.6485022152	369141.14470725803	198141.14470725803
0.06	0.14	0.95	362327.62269778136	368604.8206071704	197604.82060717035
0.06	0.14	0.97	362327.56958955375	369247.01873841905	198247.01873841905
0.06	0.14	0.99	362327.6316273183	371725.840181723	200725.84018172303
0.07	0.05	0.81	364327.80417390296	374468.2652286532	203468.26522865318
0.07	0.05	0.83	365327.79838802916	373766.02626907406	202766.02626907406
0.07	0.05	0.85	363327.82730631885	373368.2490773966	202368.24907739664
0.07	0.05	0.87	363327.8306842754	372318.6555494463	201318.65554944627
0.07	0.05	0.89	363327.81590547034	371285.52687688416	200285.52687688405
0.07	0.05	0.91	363327.73634191405	371085.58776125795	200085.5877612579
0.07	0.05	0.93	362327.7235208761	371143.3516721806	200143.35167218064
0.07	0.05	0.97	362327.74277878384	370738.8779110885	199738.8779110885
0.07	0.05	0.95	361327.7947375804	371288.05338887236	200288.05338887242
0.07	0.05	0.99	362327.69987018954	372037.8836934598	201037.88369345976
0.07	0.06	0.81	363327.8897259828	371294.2040372494	200294.2040372494
0.07	0.06	0.83	362327.8897624698	371929.8380451185	200929.83804511846
0.07	0.06	0.85	364327.7982587949	372143.2874602684	201143.2874602684
0.07	0.06	0.87	362327.7921564232	370328.84380944894	199328.84380944885
0.07	0.06	0.89	362327.7650809506	370365.12763759826	199365.12763759826
0.07	0.06	0.91	363327.7531934169	370244.13737103174	199244.13737103174
0.07	0.06	0.93	361327.64394276106	367003.54694939527	196003.54694939524
0.07	0.06	0.95	361327.7597270637	368674.70683748997	197674.70683748997
0.07	0.06	0.97	363327.6358074698	369883.720347489	198883.72034748894
0.07	0.07	0.81	363327.8441902048	372421.5365254673	201421.53652546727
0.07	0.06	0.99	361327.77423593204	372177.4323462411	201177.43234624114
0.07	0.07	0.83	365327.7603035231	372311.0601412164	201311.06014121638
0.07	0.07	0.85	363327.7569834139	370461.75051535823	199461.7505153582
0.07	0.07	0.87	362327.78511238424	367995.53969191824	196995.5396919183
0.07	0.07	0.89	364327.7778617948	371067.21164087486	200067.21164087486
0.07	0.07	0.91	363327.7594137004	369852.6216512128	198852.62165121283
0.07	0.07	0.93	362327.6603500536	369281.6320680033	198281.6320680033
0.07	0.07	0.95	362327.7235621195	369794.50600806193	198794.50600806196
0.07	0.07	0.97	361327.657574198	370754.62454218615	199754.62454218615
0.07	0.07	0.99	361327.72991579864	372095.030617083	201095.03061708307
0.07	0.08	0.81	365327.8196128342	371523.7583030918	200523.75830309177
0.07	0.08	0.85	364327.6654230751	368859.7402242595	197859.74022425953
0.07	0.08	0.83	363327.81921892136	369888.5262200591	198888.52622005908
0.07	0.08	0.87	363327.78556802607	370147.0661486398	199147.0661486398
0.07	0.08	0.89	363327.6582052353	367955.3992553645	196955.3992553645
0.07	0.08	0.91	363327.6476800656	368566.9043160988	197566.9043160987
0.07	0.08	0.93	363327.6027174848	367960.46001462755	196960.4600146275
0.07	0.08	0.95	363327.66043308214	370229.96888153773	199229.96888153773
0.07	0.08	0.97	362327.67828501004	369491.93670331413	198491.9367033142
0.07	0.08	0.99	362327.7016152172	371578.8678051307	200578.8678051308
0.07	0.09	0.81	363327.7911884092	369106.2725612279	198106.27256122787
0.07	0.09	0.83	361327.83263795206	370021.93664037104	199021.93664037104
0.07	0.09	0.85	363327.7769747978	368990.06075268576	197990.06075268576
0.07	0.09	0.87	362327.8055700444	369591.3313842763	198591.33138427624
0.07	0.09	0.89	363327.78865038214	369814.408280693	198814.408280693
0.07	0.09	0.91	364327.6445816727	369255.07289650186	198255.07289650186
0.07	0.09	0.93	363327.69538204215	367858.2992705598	196858.2992705599
0.07	0.09	0.95	361327.6727433594	368476.84605521633	197476.84605521627
0.07	0.09	0.97	363327.59619176213	369598.5625056172	198598.5625056172
0.07	0.09	0.99	361327.65827138873	370644.7226564457	199644.7226564456
0.07	0.1	0.81	363327.80302443507	367810.74084112694	196810.74084112694
0.07	0.1	0.83	361327.8722756222	369053.16063547094	198053.16063547088
0.07	0.1	0.85	363327.76618338126	368247.66664130124	197247.6666413012
0.07	0.1	0.87	363327.86594918574	369260.21946599695	198260.21946599695
0.07	0.1	0.89	363327.71546482784	369096.2295066814	198096.22950668138
0.07	0.1	0.91	365327.6074164842	370051.3479305691	199051.34793056909
0.07	0.1	0.93	362327.6269052968	366975.21743104624	195975.2174310462
0.07	0.1	0.95	363327.673987514	370632.5363012052	199632.5363012052
0.07	0.1	0.97	363327.6889909344	369395.9193190282	198395.9193190282
0.07	0.1	0.99	362327.64447146136	371417.67856011115	200417.67856011115
0.07	0.11	0.81	363327.7477931317	369630.0361646329	198630.03616463288
0.07	0.11	0.83	364327.8152561537	368720.49715769157	197720.49715769163
0.07	0.11	0.85	363327.7014273932	366564.8678235493	195564.86782354928
0.07	0.11	0.87	364327.6203978194	367756.16168888204	196756.16168888207
0.07	0.11	0.89	363327.70406529977	367764.55452486867	196764.55452486873
0.07	0.11	0.91	361327.83097746415	367362.7515351422	196362.75153514216
0.07	0.11	0.93	362327.6735557979	368322.6060383662	197322.60603836615
0.07	0.11	0.95	364327.5287012139	368312.5641381462	197312.56413814618
0.07	0.11	0.97	362327.6730945166	368752.72619526583	197752.72619526574
0.07	0.11	0.99	361327.6497444093	370036.3905639834	199036.39056398347
0.07	0.12	0.81	362327.8013292983	367867.36322201433	196867.36322201433
0.07	0.12	0.83	364327.72940786125	368827.29196142504	197827.29196142498
0.07	0.12	0.85	363327.6974474699	367283.57765095326	196283.57765095326
0.07	0.12	0.87	362327.7072965168	366535.73393441783	195535.73393441777
0.07	0.12	0.89	363327.57941899437	367764.42192887375	196764.42192887384
0.07	0.12	0.91	363327.6383495371	367826.71912805556	196826.7191280555
0.07	0.12	0.93	363327.6907013621	368335.251315506	197335.25131550594
0.07	0.12	0.95	363327.57357411593	368220.5868903578	197220.58689035778
0.07	0.12	0.97	362327.6446405946	371094.27749642835	200094.2774964283
0.07	0.12	0.99	361327.613066982	370594.4414768072	199594.4414768072
0.07	0.13	0.81	366327.6993105459	369148.7026471151	198148.7026471151
0.07	0.13	0.83	361327.83625308715	366275.3900544016	195275.39005440165
0.07	0.13	0.85	363327.6804911709	366401.464011042	195401.46401104203
0.07	0.13	0.87	363327.62961636565	366925.10167101794	195925.1016710179
0.07	0.13	0.89	364327.6959512335	368159.8961061985	197159.89610619846
0.07	0.13	0.91	364327.6650745366	368888.82889366115	197888.82889366112
0.07	0.13	0.93	362327.7714545998	367417.5734196841	196417.57341968414
0.07	0.13	0.95	363327.6353718544	368228.6512459087	197228.6512459087
0.07	0.13	0.97	361327.7156762033	369492.12216966884	198492.12216966884
0.07	0.14	0.81	364327.74776643177	367108.9077717828	196108.90777178277
0.07	0.13	0.99	362327.6535905614	371886.65101188916	200886.65101188916
0.07	0.14	0.83	365327.65045345435	368876.3336422788	197876.33364227877
0.07	0.14	0.85	363327.72207285615	366915.7519339971	195915.75193399706
0.07	0.14	0.87	362327.78818160517	367150.381261013	196150.38126101307
0.07	0.14	0.89	363327.64211027196	365846.40277557744	194846.40277557747
0.07	0.14	0.91	363327.60376443516	366612.77082056	195612.77082056005
0.07	0.14	0.93	362327.65031157294	367741.6044091389	196741.6044091389
0.07	0.14	0.95	362327.60838124587	367704.471697599	196704.47169759896
0.07	0.14	0.97	361327.63482171064	368981.7982201227	197981.7982201227
0.07	0.14	0.99	362327.70163272077	372586.17973930785	201586.17973930787
0.08	0.05	0.81	363327.87895907235	373747.6781894516	202747.6781894516
0.08	0.05	0.83	364327.87780815456	373366.73729565425	202366.73729565422
0.08	0.05	0.87	362327.83796921815	372418.1583955837	201418.15839558368
0.08	0.05	0.85	363327.87114487606	373011.796676818	202011.796676818
0.08	0.05	0.89	362327.8670422255	372426.65962660767	201426.6596266077
0.08	0.05	0.91	364327.7906027678	372759.08687375905	201759.08687375905
0.08	0.05	0.93	362327.7715336387	372233.15870635054	201233.1587063505
0.08	0.05	0.95	363327.82906178496	372810.4573949975	201810.45739499747
0.08	0.05	0.97	361327.7125412185	370047.9741516444	199047.97415164445
0.08	0.05	0.99	362327.6841292872	372082.36666315095	201082.366663151
0.08	0.06	0.81	362327.92265786027	373497.5950946495	202497.5950946496
0.08	0.06	0.83	361327.91596016334	371775.18662272254	200775.18662272254
0.08	0.06	0.85	362327.9229713916	371842.5410262005	200842.5410262005
0.08	0.06	0.87	361327.8244177621	370711.11110976205	199711.111109762
0.08	0.06	0.91	363327.7136092119	369888.77189701464	198888.77189701464
0.08	0.06	0.89	361327.7903514666	370358.26570676937	199358.26570676934
0.08	0.06	0.93	363327.77143170784	369924.3277996897	198924.32779968966
0.08	0.06	0.95	361327.72069023753	370128.3006110142	199128.30061101416
0.08	0.06	0.97	361327.8270424469	371541.82976865454	200541.8297686546
0.08	0.06	0.99	361327.6374156634	370118.9297768326	199118.92977683258
0.08	0.07	0.81	363327.88573719753	372049.22372818476	201049.22372818473
0.08	0.07	0.83	363327.81438037875	373231.7732143555	202231.77321435552
0.08	0.07	0.85	362327.88238449564	370837.25942847703	199837.25942847712
0.08	0.07	0.87	362327.85025006096	371309.96146642807	200309.96146642804
0.08	0.07	0.89	362327.80804546725	368553.32037817256	197553.32037817256
0.08	0.07	0.91	363327.7224349344	370773.0623516118	199773.06235161182
0.08	0.07	0.93	363327.75599338545	370271.3478330806	199271.3478330806
0.08	0.07	0.95	362327.67816010286	369061.6581759184	198061.65817591833
0.08	0.07	0.97	362327.7379124872	370492.7670353729	199492.76703537293
0.08	0.07	0.99	361327.73638243275	370814.8674037372	199814.86740373718
0.08	0.08	0.81	362327.86148481956	371547.4697087399	200547.46970873987
0.08	0.08	0.83	362327.89322819334	371888.10426330863	200888.1042633087
0.08	0.08	0.85	362327.7760135189	369339.5211527094	198339.52115270935
0.08	0.08	0.87	362327.76771564747	370001.92431785964	199001.92431785964
0.08	0.08	0.89	363327.7484125926	369658.8259866223	198658.8259866224
0.08	0.08	0.91	362327.7335008111	368138.5096692638	197138.50966926382
0.08	0.08	0.93	362327.75790823816	368114.5438549359	197114.54385493594
0.08	0.08	0.95	363327.67723472504	369767.4351033303	198767.4351033303
0.08	0.08	0.97	363327.61385155737	369789.943024541	198789.94302454096
0.08	0.08	0.99	362327.6454037376	372058.7640259087	201058.76402590872
0.08	0.09	0.81	362327.85094272374	369857.6801816498	198857.68018164972
0.08	0.09	0.83	362327.804832446	368217.7637234345	197217.7637234345
0.08	0.09	0.85	363327.73292558966	368092.5861151101	197092.5861151101
0.08	0.09	0.87	363327.76981042325	370019.67085162975	199019.67085162975
0.08	0.09	0.89	363327.75259006885	368624.45208360074	197624.45208360074
0.08	0.09	0.91	362327.791704162	368246.4126759749	197246.41267597492
0.08	0.09	0.93	363327.7252719338	370556.1161994993	199556.11619949926
0.08	0.09	0.95	362327.61343021673	367654.06838333514	196654.06838333514
0.08	0.09	0.97	363327.6792810956	370453.36373818456	199453.36373818456
0.08	0.09	0.99	361327.68800183997	371723.78826937306	200723.788269373
0.08	0.1	0.81	363327.77917500597	368016.7901911963	197016.79019119628
0.08	0.1	0.83	362327.87310766196	368864.58013812563	197864.58013812557
0.08	0.1	0.85	364327.7849325739	368897.12506748835	197897.12506748838
0.08	0.1	0.87	361327.7930783318	366877.27363489545	195877.27363489545
0.08	0.1	0.89	362327.76467482804	368003.8323695549	197003.83236955496
0.08	0.1	0.91	364327.6235785126	368578.8762463691	197578.87624636907
0.08	0.1	0.93	362327.7356703459	368057.53977740795	197057.53977740795
0.08	0.1	0.95	363327.593202273	368281.2627212369	197281.262721237
0.08	0.1	0.97	362327.66488265037	370122.7652818569	199122.76528185687
0.08	0.1	0.99	362327.66854649683	370777.0489178996	199777.04891789955
0.08	0.11	0.81	364327.7438599646	369628.2944900636	198628.29449006362
0.08	0.11	0.83	362327.7562236254	368629.08687573473	197629.0868757347
0.08	0.11	0.85	365327.6781006297	368724.690459274	197724.69045927405
0.08	0.11	0.87	364327.6442697501	368948.49527862394	197948.49527862394
0.08	0.11	0.89	362327.66039108764	366576.6541719167	195576.65417191674
0.08	0.11	0.91	363327.6974088366	367945.66970856226	196945.66970856232
0.08	0.11	0.93	362327.7103719922	368230.47711468604	197230.47711468604
0.08	0.11	0.95	363327.60221616423	369181.4403876484	198181.44038764853
0.08	0.11	0.97	361327.6119572916	369220.9572902792	198220.95729027924
0.08	0.11	0.99	362327.65455016313	371760.7386947235	200760.73869472352
0.08	0.12	0.81	361327.8685533535	366677.029585986	195677.02958598596
0.08	0.12	0.83	364327.7030983879	367942.30733006966	196942.3073300697
0.08	0.12	0.85	365327.6783076528	368643.0853396046	197643.0853396047
0.08	0.12	0.87	363327.75997925934	367997.09114312194	196997.091143122
0.08	0.12	0.89	362327.7963508929	368040.94959148753	197040.94959148756
0.08	0.12	0.91	363327.64208453835	367378.25256883365	196378.25256883365
0.08	0.12	0.93	362327.75616184867	367221.877304208	196221.877304208
0.08	0.12	0.95	362327.65149304515	368534.59523122205	197534.59523122208
0.08	0.12	0.97	361327.6725308674	369697.99060112564	198697.9906011256
0.08	0.12	0.99	361327.684254889	371181.0907981964	200181.09079819647
0.08	0.13	0.81	364327.7425778031	368733.86697877233	197733.86697877228
0.08	0.13	0.83	365327.71316699573	368628.3890294555	197628.38902945552
0.08	0.13	0.85	362327.79573605687	367810.56612806604	196810.56612806604
0.08	0.13	0.87	365327.6975231037	369027.2583065947	198027.25830659465
0.08	0.13	0.89	362327.7533890479	367779.2583135236	196779.25831352363
0.08	0.13	0.91	363327.72126339766	367513.3605236582	196513.36052365816
0.08	0.13	0.93	363327.60372455453	367991.6482105723	196991.6482105724
0.08	0.13	0.95	361327.66193506634	367902.114123426	196902.11412342603
0.08	0.13	0.97	361327.6735438334	368865.3552633397	197865.3552633397
0.08	0.13	0.99	362327.717715381	371306.67574113247	200306.67574113244
0.08	0.14	0.81	363327.75490031193	366238.8207565994	195238.82075659942
0.08	0.14	0.83	364327.6657373287	367768.3408596809	196768.34085968087
0.08	0.14	0.85	366327.6359986582	369065.11510076665	198065.1151007667
0.08	0.14	0.87	364327.64654009073	368711.8414310627	197711.8414310628
0.08	0.14	0.89	364327.62265438086	367257.90339994157	196257.90339994163
0.08	0.14	0.91	364327.656363518	367887.860980265	196887.86098026505
0.08	0.14	0.93	362327.7197255621	367041.05267092295	196041.05267092297
0.08	0.14	0.95	364327.5938584958	369124.7650906023	198124.76509060233
0.08	0.14	0.97	361327.671686982	369504.05971853586	198504.0597185359
0.08	0.14	0.99	361327.68789286364	371608.0934494142	200608.09344941418
0.09	0.05	0.81	364327.8688321726	373955.33165152697	202955.33165152697
0.09	0.05	0.83	364327.89217953314	373648.6413019099	202648.64130191
0.09	0.05	0.85	361327.7920233528	371231.58373089187	200231.5837308919
0.09	0.05	0.87	363327.88231852074	373794.3659408618	202794.3659408618
0.09	0.05	0.89	362327.87656772166	373053.5476321936	202053.5476321936
0.09	0.05	0.91	361327.870485491	372754.81098785606	201754.81098785615
0.09	0.05	0.93	361327.81261458225	370325.47549722856	199325.47549722856
0.09	0.05	0.95	362327.7189662107	372224.0414459193	201224.0414459193
0.09	0.05	0.97	361327.74271398294	371583.700697479	200583.70069747898
0.09	0.05	0.99	361327.77442486084	371987.21608498757	200987.21608498748
0.09	0.06	0.81	364327.7862320055	371966.6405443446	200966.64054434464
0.09	0.06	0.83	362327.820792824	373034.19639938785	202034.19639938785
0.09	0.06	0.85	364327.79250388703	372941.84743122593	201941.84743122596
0.09	0.06	0.87	362327.76126689167	372472.8701629949	201472.8701629949
0.09	0.06	0.89	362327.87217385817	372066.80914496025	201066.80914496028
0.09	0.06	0.91	363327.6920305198	369370.53407413035	198370.53407413032
0.09	0.06	0.93	363327.7591442969	369951.69469133415	198951.69469133418
0.09	0.06	0.95	361327.75692670996	370480.4326938913	199480.43269389134
0.09	0.06	0.97	361327.6716936175	369576.2235802449	198576.22358024493
0.09	0.06	0.99	361327.868917364	371758.157992804	200758.157992804
0.09	0.07	0.81	361327.8947924302	372305.8978780934	201305.89787809344
0.09	0.07	0.83	363327.7448560277	369282.72674497595	198282.72674497598
0.09	0.07	0.85	363327.86207263835	373014.97139128606	202014.97139128606
0.09	0.07	0.87	364327.8348038134	372429.8392987821	201429.83929878206
0.09	0.07	0.89	363327.79477222526	371098.24745367956	200098.24745367956
0.09	0.07	0.91	363327.76617853256	370692.6399655643	199692.63996556427
0.09	0.07	0.93	362327.6779652503	369330.7886224869	198330.7886224869
0.09	0.07	0.95	362327.68971885426	368621.95873969287	197621.9587396929
0.09	0.07	0.97	364327.64325498324	370202.5967637392	199202.5967637392
0.09	0.08	0.81	362327.91145321727	371193.7306377786	200193.7306377786
0.09	0.07	0.99	361327.69713739306	371304.57369010895	200304.57369010895
0.09	0.08	0.83	364327.6867746118	370056.2264891008	199056.22648910078
0.09	0.08	0.85	362327.8664671619	369023.9365082916	198023.93650829163
0.09	0.08	0.87	364327.76608807745	369809.9184353607	198809.9184353607
0.09	0.08	0.89	363327.7765419496	369085.2822149368	198085.28221493686
0.09	0.08	0.91	362327.67943055043	367328.5246022182	196328.52460221818
0.09	0.08	0.93	364327.6528489045	369524.52350464475	198524.52350464478
0.09	0.08	0.95	363327.6425152902	369626.4348219198	198626.4348219198
0.09	0.08	0.97	361327.6482881376	368729.32793799695	197729.32793799698
0.09	0.08	0.99	361327.67601799936	370207.3160566005	199207.31605660045
0.09	0.09	0.81	362327.88703464746	371714.0085107239	200714.00851072388
0.09	0.09	0.83	364327.8084276404	371154.1399812786	200154.13998127863
0.09	0.09	0.85	363327.84470177937	371433.5165303194	200433.51653031938
0.09	0.09	0.87	364327.78884088673	369952.33488377865	198952.33488377862
0.09	0.09	0.89	364327.7137723935	370558.66351847886	199558.66351847892
0.09	0.09	0.91	362327.77900530084	368673.1296522058	197673.12965220588
0.09	0.09	0.93	361327.69868772494	368643.916967374	197643.91696737395
0.09	0.09	0.95	362327.6304518577	368120.34064393555	197120.34064393557
0.09	0.09	0.97	362327.6562066112	370553.8280203888	199553.8280203888
0.09	0.09	0.99	361327.6746843939	370926.81635542837	199926.8163554283
0.09	0.1	0.81	363327.85200215544	371006.4926357078	200006.4926357078
0.09	0.1	0.83	363327.71869751497	368730.03039678675	197730.03039678675
0.09	0.1	0.85	363327.7920330496	368627.84814335796	197627.84814335793
0.09	0.1	0.87	363327.7562541622	369489.8766862483	198489.87668624835
0.09	0.1	0.89	364327.67244422744	368420.5351236394	197420.53512363945
0.09	0.1	0.91	361327.7655435464	369203.32704185374	198203.32704185368
0.09	0.1	0.93	361327.68520837335	367321.5104265718	196321.51042657183
0.09	0.1	0.95	361327.7321877795	368265.22377377766	197265.22377377766
0.09	0.1	0.97	361327.7725982618	369570.07257035415	198570.07257035415
0.09	0.1	0.99	361327.74549786345	371359.96633767476	200359.96633767468
0.09	0.11	0.81	363327.73067563394	367052.2583348912	196052.25833489117
0.09	0.11	0.83	364327.74379823887	368278.6750589889	197278.67505898888
0.09	0.11	0.85	364327.7496939757	368044.28679864405	197044.28679864405
0.09	0.11	0.87	363327.66962654726	368676.0691981447	197676.06919814466
0.09	0.11	0.89	362327.8179707968	368394.5902589493	197394.59025894935
0.09	0.11	0.91	363327.7559195714	368603.97738240176	197603.97738240173
0.09	0.11	0.93	363327.66003155155	368589.32496088365	197589.32496088368
0.09	0.11	0.95	362327.640858855	368218.42853099486	197218.42853099483
0.09	0.11	0.97	363327.66773019487	369672.37839841965	198672.3783984197
0.09	0.11	0.99	362327.62637514353	370806.6105020662	199806.61050206624
0.09	0.12	0.81	363327.76979926403	366720.12491600885	195720.12491600888
0.09	0.12	0.83	363327.8227022509	367899.86438176926	196899.86438176932
0.09	0.12	0.85	363327.77744165563	369643.8137390861	198643.81373908612
0.09	0.12	0.87	362327.7403692373	366468.4286480088	195468.4286480088
0.09	0.12	0.89	361327.67759589315	365427.7139378501	194427.71393785012
0.09	0.12	0.91	363327.6658912272	366906.7524912172	195906.75249121722
0.09	0.12	0.93	362327.6808743485	368216.84631638636	197216.84631638645
0.09	0.12	0.95	365327.5814962505	369497.08364448196	198497.08364448193
0.09	0.12	0.97	363327.63612609124	369065.45312015683	198065.45312015686
0.09	0.12	0.99	364327.5951970864	371544.8648895806	200544.86488958064
0.09	0.13	0.81	363327.8127907956	368326.24857644056	197326.24857644056
0.09	0.13	0.83	362327.8105475724	369479.6983824136	198479.69838241363
0.09	0.13	0.85	363327.7098378894	368922.4805329561	197922.48053295605
0.09	0.13	0.87	365327.70425481355	368986.14573585347	197986.14573585347
0.09	0.13	0.89	363327.6936468043	367617.0151558757	196617.0151558757
0.09	0.13	0.91	363327.6612300944	367087.2314224004	196087.23142240042
0.09	0.13	0.93	361327.731548635	367357.5357936631	196357.53579366312
0.09	0.13	0.95	361327.67595407757	368875.40950401686	197875.4095040169
0.09	0.13	0.97	362327.6498696776	369105.4933807835	198105.49338078345
0.09	0.13	0.99	361327.62347004295	370708.53499054007	199708.53499054
0.09	0.14	0.81	364327.67710903316	367202.10983468976	196202.1098346897
0.09	0.14	0.85	361327.75160542503	366528.6043102993	195528.60431029933
0.09	0.14	0.83	363327.73919195845	366744.8913444906	195744.89134449058
0.09	0.14	0.87	363327.82272559695	369289.1411430106	198289.14114301055
0.09	0.14	0.89	363327.7207324304	368536.5514277992	197536.55142779913
0.09	0.14	0.91	364327.63798534556	367828.63693524373	196828.6369352437
0.09	0.14	0.93	362327.6586528475	367988.18485560815	196988.18485560818
0.09	0.14	0.95	362327.6481654789	367297.1497298378	196297.14972983784
0.09	0.14	0.97	362327.6022674922	369479.52423686866	198479.52423686866
0.09	0.14	0.99	361327.62498675525	371052.5387319896	200052.53873198965
0.1	0.05	0.81	364327.8180685537	374369.71976226475	203369.71976226472
0.1	0.05	0.83	364327.7848957017	373717.40742160915	202717.4074216091
0.1	0.05	0.85	365327.80016484344	374316.7577819763	203316.75778197625
0.1	0.05	0.87	364327.78521968034	373330.01291763945	202330.01291763945
0.1	0.05	0.89	363327.7827394218	372671.6144419847	201671.61444198468
0.1	0.05	0.91	361327.8018159034	371070.9523590367	200070.95235903675
0.1	0.05	0.93	363327.6979204534	371561.4460068796	200561.4460068797
0.1	0.05	0.95	364327.7465341661	371539.04118400806	200539.04118400806
0.1	0.05	0.97	361327.79200834344	371925.64910316	200925.64910316002
0.1	0.05	0.99	362327.692486051	371300.2636191486	200300.26361914858
0.1	0.06	0.81	364327.8121095546	372788.58327347337	201788.58327347337
0.1	0.06	0.83	365327.79637164104	373348.0886186123	202348.08861861232
0.1	0.06	0.85	363327.88740429067	373213.2583443571	202213.25834435708
0.1	0.06	0.87	363327.85038531304	372608.7600387913	201608.76003879125
0.1	0.06	0.89	364327.80285852787	371593.49300471763	200593.4930047177
0.1	0.06	0.91	362327.93441441975	372133.3834439789	201133.38344397888
0.1	0.06	0.93	362327.8022078383	371384.8327541166	200384.83275411665
0.1	0.06	0.95	363327.728653657	371343.1869436066	200343.1869436066
0.1	0.06	0.97	362327.716989984	371397.7208406454	200397.7208406453
0.1	0.06	0.99	361327.69038952806	370862.8345988956	199862.83459889563
0.1	0.07	0.81	361327.90926432196	372394.5253131652	201394.5253131652
0.1	0.07	0.83	365327.79272196296	372730.1649522219	201730.16495222194
0.1	0.07	0.85	364327.825051681	372243.6343436975	201243.63434369754
0.1	0.07	0.87	361327.85411045526	370805.96443708893	199805.96443708893
0.1	0.07	0.89	361327.9082004888	372330.8527685913	201330.8527685913
0.1	0.07	0.91	362327.8089089841	370754.62289782177	199754.62289782183
0.1	0.07	0.95	361327.7029689328	368188.09374757507	197188.09374757513
0.1	0.07	0.93	362327.7458416455	370434.07790811145	199434.07790811145
0.1	0.07	0.97	362327.8094470381	370723.5493837355	199723.54938373555
0.1	0.07	0.99	361327.6583169081	371005.19467423897	200005.19467423894
0.1	0.08	0.81	362327.96204408846	372754.89257136657	201754.89257136657
0.1	0.08	0.83	362327.85113215103	370921.5222886313	199921.5222886313
0.1	0.08	0.85	363327.7314963654	370125.7530843077	199125.7530843077
0.1	0.08	0.87	363327.76442958636	369715.53758121916	198715.53758121916
0.1	0.08	0.89	362327.8858557423	371510.2007891096	200510.20078910963
0.1	0.08	0.91	362327.75386769813	369784.2914610432	198784.2914610432
0.1	0.08	0.93	361327.8309225011	370801.6497228162	199801.6497228162
0.1	0.08	0.95	363327.6903754032	369370.80683902954	198370.80683902954
0.1	0.08	0.97	363327.66145528085	369763.9168502927	198763.91685029274
0.1	0.08	0.99	361327.58083055157	370793.7542860227	199793.75428602277
0.1	0.09	0.81	362327.8824864222	370034.9987115491	199034.99871154907
0.1	0.09	0.83	364327.78151331085	372411.8864882963	201411.88648829632
0.1	0.09	0.85	365327.7409276493	372044.97902738967	201044.97902738967
0.1	0.09	0.87	362327.74669611536	369459.97592052224	198459.9759205222
0.1	0.09	0.89	362327.6936063787	368156.2440205507	197156.24402055066
0.1	0.09	0.91	361327.69095848966	367803.12120480434	196803.1212048044
0.1	0.09	0.93	362327.7921181427	370817.4548553287	199817.45485532878
0.1	0.09	0.95	362327.6695202539	369542.6056862382	198542.6056862382
0.1	0.09	0.97	362327.65075837035	368606.6070898963	197606.60708989625
0.1	0.1	0.81	364327.8052097033	370197.9740840771	199197.97408407714
0.1	0.09	0.99	361327.64276885084	371401.0132756635	200401.0132756635
0.1	0.1	0.83	362327.747902272	367596.12756095745	196596.1275609575
0.1	0.1	0.85	364327.7990140188	370677.5530535391	199677.553053539
0.1	0.1	0.87	362327.73216472834	368088.9220889684	197088.92208896845
0.1	0.1	0.89	364327.6139174303	369060.9512567555	198060.9512567555
0.1	0.1	0.91	362327.72408166825	367473.6896481157	196473.68964811572
0.1	0.1	0.93	361327.77873611095	368676.78495943715	197676.78495943706
0.1	0.1	0.95	361327.6835594765	368752.54152410803	197752.54152410806
0.1	0.1	0.97	362327.60763948073	368543.70271775866	197543.70271775866
0.1	0.1	0.99	361327.6912994223	370510.6678766675	199510.66787666755
0.1	0.11	0.81	362327.8068690068	369014.2675393998	198014.2675393998
0.1	0.11	0.83	363327.77200662857	368563.1725675984	197563.17256759835
0.1	0.11	0.85	364327.7307868216	369451.4716581467	198451.47165814677
0.1	0.11	0.87	362327.7510379182	367483.95936002105	196483.959360021
0.1	0.11	0.89	364327.7025091649	369046.62174470816	198046.62174470816
0.1	0.11	0.93	362327.7337957237	368178.0277194241	197178.02771942414
0.1	0.11	0.91	362327.6226558827	366904.46498693555	195904.46498693552
0.1	0.11	0.95	362327.7074304655	369725.3615001731	198725.36150017314
0.1	0.11	0.97	362327.6219672734	369009.45879439457	198009.4587943946
0.1	0.11	0.99	362327.6985320122	371612.27607852017	200612.27607852008
0.1	0.12	0.81	364327.7136353853	368914.17003756954	197914.1700375696
0.1	0.12	0.83	365327.7212275447	368670.95987880114	197670.9598788011
0.1	0.12	0.85	364327.7357272459	369833.40759691363	198833.4075969136
0.1	0.12	0.87	361327.7917387466	368776.13470068824	197776.1347006883
0.1	0.12	0.89	362327.73684586596	367109.3776360347	196109.37763603468
0.1	0.12	0.91	364327.68654262775	368538.45594807883	197538.45594807886
0.1	0.12	0.93	363327.64786436904	368052.01361524727	197052.01361524724
0.1	0.12	0.95	364327.59647244733	369831.35075835505	198831.35075835505
0.1	0.12	0.97	361327.71401516267	369207.1403501651	198207.1403501651
0.1	0.12	0.99	362327.667401517	370693.55190488615	199693.55190488618
0.1	0.13	0.81	364327.78297757736	370342.4072571458	199342.40725714582
0.1	0.13	0.83	364327.77845055435	367727.4838769311	196727.48387693113
0.1	0.13	0.85	365327.69332133967	369164.07198105357	198164.07198105362
0.1	0.13	0.87	364327.71111972036	369245.19495514553	198245.19495514556
0.1	0.13	0.89	364327.64913895517	369261.77551152103	198261.77551152106
0.1	0.13	0.91	365327.65122584405	369652.6588252085	198652.6588252085
0.1	0.13	0.93	361327.7395367458	367110.8429126812	196110.84291268123
0.1	0.13	0.95	365327.5774556369	369502.3634229464	198502.3634229464
0.1	0.13	0.97	361327.6907347589	370748.5553397075	199748.5553397076
0.1	0.13	0.99	361327.6353007062	370037.1932879321	199037.19328793202
0.1	0.14	0.81	362327.7926339828	367879.66321738967	196879.66321738964
0.1	0.14	0.83	363327.8151677535	368832.65592423733	197832.65592423728
0.1	0.14	0.85	363327.6747260861	368123.2012437709	197123.20124377086
0.1	0.14	0.87	361327.8187620583	366374.88738675637	195374.88738675637
0.1	0.14	0.89	362327.73746022995	367588.2524932904	196588.25249329046
0.1	0.14	0.91	364327.64865837095	368173.783263483	197173.78326348303
0.1	0.14	0.95	362327.6600537426	367723.868920845	196723.86892084504
0.1	0.14	0.93	363327.6082013134	368257.0981906562	197257.09819065622
0.1	0.14	0.97	361327.67026620696	369949.36162492033	198949.36162492036
0.1	0.14	0.99	361327.6095689057	370737.31845652696	199737.31845652693
0.11	0.05	0.81	363327.9047065755	373941.76235526823	202941.76235526826
0.11	0.05	0.83	363327.82273749594	372953.5580390894	201953.55803908937
0.11	0.05	0.85	363327.83264978306	373542.51848645235	202542.5184864524
0.11	0.05	0.87	363327.83699492796	373847.016632216	202847.016632216
0.11	0.05	0.89	362327.77895744256	372691.4215432928	201691.42154329293
0.11	0.05	0.91	362327.77372036467	372022.8098166146	201022.80981661464
0.11	0.05	0.93	361327.84337133344	371789.87725853716	200789.87725853722
0.11	0.05	0.95	362327.7528504076	371386.0996574194	200386.09965741937
0.11	0.05	0.97	361327.7057179349	370333.23044784815	199333.23044784815
0.11	0.05	0.99	362327.7331676434	371983.15614696435	200983.15614696432
0.11	0.06	0.81	363327.871064728	372931.98042079445	201931.9804207944
0.11	0.06	0.83	362327.9463932891	373217.91874264023	202217.91874264023
0.11	0.06	0.85	364327.8238098115	372924.4187782232	201924.41877822322
0.11	0.06	0.87	361327.8811965683	372197.4163685232	201197.4163685232
0.11	0.06	0.89	363327.848553907	372670.47661583766	201670.47661583757
0.11	0.06	0.91	363327.7267209216	371016.0485801203	200016.0485801203
0.11	0.06	0.93	362327.7849718657	371437.06603286904	200437.066032869
0.11	0.06	0.95	362327.75894234685	370568.6514966951	199568.65149669512
0.11	0.06	0.97	361327.72817507514	371009.5604225716	200009.56042257155
0.11	0.06	0.99	361327.7324225962	371918.70611539803	200918.706115398
0.11	0.07	0.81	364327.8091506517	372012.5796924849	201012.579692485
0.11	0.07	0.83	363327.8731606198	373743.99392138503	202743.99392138503
0.11	0.07	0.85	362327.84418392816	372360.5707359284	201360.57073592843
0.11	0.07	0.87	364327.75178502954	373263.263310224	202263.26331022405
0.11	0.07	0.89	363327.7338693845	371644.82637571276	200644.8263757128
0.11	0.07	0.91	362327.7651281306	370400.8123876598	199400.81238765974
0.11	0.07	0.93	361327.7209376666	369054.1965333003	198054.19653330024
0.11	0.07	0.95	363327.7295901686	371103.151160323	200103.151160323
0.11	0.07	0.97	362327.7866829025	371595.5557087277	200595.55570872765
0.11	0.07	0.99	361327.7325772456	372823.62095972314	201823.62095972314
0.11	0.08	0.81	363327.9179667394	373149.6293450284	202149.62934502843
0.11	0.08	0.83	363327.79191308387	371391.5604339338	200391.56043393374
0.11	0.08	0.85	362327.89062691544	371733.58591378224	200733.58591378224
0.11	0.08	0.87	363327.7428309924	370177.11113813345	199177.11113813342
0.11	0.08	0.89	362327.7891303807	370179.86626049405	199179.86626049405
0.11	0.08	0.91	362327.8237278802	370638.8954834895	199638.89548348953
0.11	0.08	0.93	363327.823018278	370426.9681582588	199426.96815825885
0.11	0.08	0.95	361327.77711410244	370984.4930687094	199984.49306870942
0.11	0.08	0.97	361327.69035354623	369908.72858508106	198908.7285850811
0.11	0.08	0.99	361327.6892868763	371055.160960131	200055.16096013103
0.11	0.09	0.81	363327.73611680913	370518.40441256895	199518.40441256898
0.11	0.09	0.83	364327.7487569287	370713.75061872514	199713.75061872517
0.11	0.09	0.85	363327.80718932935	370306.29538136977	199306.29538136974
0.11	0.09	0.87	362327.7763331783	369857.4239789247	198857.42397892466
0.11	0.09	0.89	363327.75921952183	370328.6224151012	199328.6224151013
0.11	0.09	0.91	361327.71214805136	368471.1317579426	197471.13175794264
0.11	0.09	0.93	362327.7368566718	369909.67974653584	198909.67974653584
0.11	0.09	0.95	363327.7617288462	370570.85081524	199570.85081524003
0.11	0.09	0.97	362327.7896751611	370846.25512244215	199846.25512244212
0.11	0.09	0.99	363327.60224411625	371562.44774379773	200562.44774379773
0.11	0.1	0.81	364327.78021657054	371851.2224192509	200851.22241925084
0.11	0.1	0.83	364327.7940198313	370677.6552859164	199677.6552859164
0.11	0.1	0.85	363327.8180362991	371761.80290408654	200761.80290408657
0.11	0.1	0.87	362327.8208983956	370287.0830084952	199287.08300849528
0.11	0.1	0.89	363327.7909808818	371180.80497477483	200180.8049747748
0.11	0.1	0.91	361327.78320111765	369519.68026575894	198519.6802657589
0.11	0.1	0.93	364327.62694412895	369091.24113247753	198091.24113247753
0.11	0.1	0.95	362327.70935095026	369305.04809384607	198305.04809384607
0.11	0.1	0.97	363327.67303923995	370323.43536250293	199323.4353625029
0.11	0.1	0.99	361327.6263514309	370994.622282464	199994.62228246394
0.11	0.11	0.81	363327.795469899	369744.51708999346	198744.51708999346
0.11	0.11	0.83	363327.7622852657	369222.3975576094	198222.39755760942
0.11	0.11	0.85	361327.8239151259	368995.39821266686	197995.39821266686
0.11	0.11	0.87	362327.7516775595	366978.5381056926	195978.5381056926
0.11	0.11	0.89	362327.7261628172	369215.6175902185	198215.6175902185
0.11	0.11	0.91	362327.77393162984	368749.0916413931	197749.09164139305
0.11	0.11	0.93	362327.65489354124	368311.3766614906	197311.3766614906
0.11	0.11	0.95	364327.60919509735	368612.31807150354	197612.3180715035
0.11	0.11	0.97	361327.79734931176	369727.360295408	198727.36029540803
0.11	0.11	0.99	361327.67289062263	371205.3637381548	200205.36373815485
0.11	0.12	0.81	364327.78568310646	372116.6602002334	201116.6602002334
0.11	0.12	0.85	363327.7182878726	367187.12327423785	196187.12327423785
0.11	0.12	0.83	365327.74657502526	371326.7009434511	200326.70094345117
0.11	0.12	0.87	362327.7351900768	367228.75941803283	196228.75941803283
0.11	0.12	0.89	363327.7594659309	369072.7830143629	198072.78301436294
0.11	0.12	0.91	363327.7614371109	370173.73999085784	199173.73999085784
0.11	0.12	0.93	362327.77033596387	368286.3945591853	197286.39455918528
0.11	0.12	0.95	362327.7443745598	370182.9885087988	199182.98850879885
0.11	0.12	0.97	362327.6716792078	370836.37966705364	199836.37966705364
0.11	0.13	0.81	363327.79631834326	369522.84036281984	198522.8403628198
0.11	0.12	0.99	362327.6066118103	369748.0456690326	198748.04566903252
0.11	0.13	0.83	362327.8007831611	369815.8665264341	198815.86652643408
0.11	0.13	0.85	363327.74044255156	367763.95012451464	196763.95012451467
0.11	0.13	0.89	362327.67207713024	367602.486238935	196602.48623893494
0.11	0.13	0.87	363327.72401593707	367326.1462317237	196326.1462317237
0.11	0.13	0.91	362327.67855386395	368553.489544529	197553.489544529
0.11	0.13	0.93	362327.7069645416	367998.14325592335	196998.14325592335
0.11	0.13	0.95	361327.57292676053	365448.9079535761	194448.90795357616
0.11	0.13	0.97	361327.66914657305	369208.8610087265	198208.8610087265
0.11	0.13	0.99	361327.69706574443	371417.3803732201	200417.3803732201
0.11	0.14	0.81	365327.73849816434	369360.4446324524	198360.44463245245
0.11	0.14	0.83	364327.7563420551	369266.5378649097	198266.5378649096
0.11	0.14	0.85	362327.78992185846	368009.59922482556	197009.5992248256
0.11	0.14	0.87	362327.6929925255	367607.109375249	196607.10937524904
0.11	0.14	0.89	363327.6740983509	367842.124283782	196842.12428378194
0.11	0.14	0.91	363327.67534073524	367471.0850321648	196471.08503216476
0.11	0.14	0.93	361327.7738889414	367903.4908438535	196903.4908438535
0.11	0.14	0.95	363327.6494068656	369146.4345630901	198146.4345630901
0.11	0.14	0.97	363327.61225789745	369246.10671908944	198246.1067190894
0.11	0.14	0.99	361327.69038079755	371130.3392546667	200130.33925466676
0.12	0.05	0.81	363327.85557740566	373445.7599090647	202445.75990906474
0.12	0.05	0.83	361327.92641735944	373390.43134237785	202390.43134237776
0.12	0.05	0.85	362327.93555005256	373435.06397874205	202435.06397874205
0.12	0.05	0.87	364327.8396678044	373409.392475105	202409.39247510498
0.12	0.05	0.89	363327.8791780462	373244.96110921487	202244.96110921484
0.12	0.05	0.91	362327.80441739346	372281.52720816236	201281.5272081623
0.12	0.05	0.93	363327.81516031537	372338.6129960016	201338.61299600155
0.12	0.05	0.95	361327.83074051933	372519.1170955194	201519.11709551944
0.12	0.05	0.97	363327.6982993875	371415.3126153657	200415.31261536584
0.12	0.05	0.99	361327.6899303525	372571.5058587509	201571.50585875093
0.12	0.06	0.81	363327.83729768835	373662.3685421965	202662.36854219652
0.12	0.06	0.83	363327.8818960767	373506.2189809319	202506.21898093182
0.12	0.06	0.85	362327.8385493797	373566.3833039301	202566.3833039301
0.12	0.06	0.87	362327.8576547361	372789.52925932885	201789.52925932876
0.12	0.06	0.89	363327.8756000558	372995.47269747825	201995.47269747825
0.12	0.06	0.91	362327.73956292856	370963.3579306311	199963.35793063111
0.12	0.06	0.93	361327.8304153254	371945.34581596823	200945.34581596823
0.12	0.06	0.95	361327.81158679386	372831.28868872835	201831.28868872838
0.12	0.06	0.97	362327.67892146955	370611.31009388936	199611.31009388933
0.12	0.06	0.99	361327.7597309341	371876.6749671101	200876.67496711004
0.12	0.07	0.81	363327.8305585177	372300.2622418505	201300.26224185037
0.12	0.07	0.83	363327.84158780106	372566.6612068788	201566.6612068788
0.12	0.07	0.85	364327.8061420868	372015.6071452484	201015.60714524845
0.12	0.07	0.87	363327.72363054904	371369.13826429786	200369.1382642979
0.12	0.07	0.89	362327.9309604124	373437.5950129591	202437.595012959
0.12	0.07	0.91	363327.8131519476	371820.9819275851	200820.98192758503
0.12	0.07	0.93	361327.81778171135	371518.1156999751	200518.1156999752
0.12	0.07	0.95	361327.69823295303	369326.19024582056	198326.19024582062
0.12	0.07	0.97	362327.6370170672	369148.70604631404	198148.70604631404
0.12	0.07	0.99	361327.81511098123	371744.50088905595	200744.50088905595
0.12	0.08	0.81	364327.8183417896	374081.2081048041	203081.20810480407
0.12	0.08	0.87	362327.87388498045	371406.9938818481	200406.99388184815
0.12	0.08	0.83	362327.8430855919	371431.3254493735	200431.32544937366
0.12	0.08	0.85	363327.82608968834	371500.9048136803	200500.9048136803
0.12	0.08	0.89	364327.71076256066	371693.08977469447	200693.0897746944
0.12	0.08	0.91	361327.8607932148	371681.05363908876	200681.05363908876
0.12	0.08	0.93	364327.66534381395	369149.6685829962	198149.66858299615
0.12	0.08	0.95	362327.69725710055	370039.887637922	199039.88763792196
0.12	0.08	0.97	362327.7142730723	370952.5479939111	199952.54799391114
0.12	0.08	0.99	361327.69274937094	371563.15416203096	200563.15416203096
0.12	0.09	0.81	362327.8822353895	372304.9307418081	201304.9307418081
0.12	0.09	0.83	364327.8316590378	371997.1895824266	200997.1895824266
0.12	0.09	0.85	363327.82596417423	370459.8943425623	199459.89434256233
0.12	0.09	0.87	363327.90929277026	372449.3811393369	201449.38113933694
0.12	0.09	0.89	362327.7729291892	370306.73786099226	199306.73786099226
0.12	0.09	0.91	363327.684099835	369527.4337624532	198527.43376245318
0.12	0.09	0.93	362327.70528980694	368743.6152473347	197743.6152473347
0.12	0.09	0.95	362327.6618850509	368998.75330038404	197998.75330038398
0.12	0.09	0.97	361327.6864501083	370046.3575950605	199046.3575950605
0.12	0.09	0.99	361327.7387208148	371103.0200370869	200103.0200370869
0.12	0.1	0.81	362327.92164974345	372448.78072864935	201448.78072864935
0.12	0.1	0.83	363327.8315550139	370788.6624406139	199788.6624406139
0.12	0.1	0.85	363327.72221663705	370143.1729429719	199143.17294297193
0.12	0.1	0.87	362327.76934708154	369541.5958330022	198541.59583300224
0.12	0.1	0.89	362327.73022187536	368009.7297668988	197009.72976689888
0.12	0.1	0.91	363327.7092816543	368866.02042717993	197866.02042717993
0.12	0.1	0.93	362327.71613821434	369851.6354972053	198851.63549720528
0.12	0.1	0.95	361327.7826281558	369573.75666717667	198573.75666717667
0.12	0.1	0.97	361327.7427133588	370016.0804913158	199016.0804913158
0.12	0.1	0.99	363327.6077359683	371338.43996942544	200338.43996942535
0.12	0.11	0.81	365327.7604365578	371791.6525507894	200791.6525507895
0.12	0.11	0.83	364327.7791822804	369640.011470376	198640.01147037605
0.12	0.11	0.85	363327.7916415388	371437.17113528994	200437.17113528983
0.12	0.11	0.87	362327.7701575036	369742.0790465529	198742.07904655286
0.12	0.11	0.89	361327.74653046095	367614.6289722393	196614.62897223936
0.12	0.11	0.91	363327.74221523415	368512.4358385835	197512.4358385835
0.12	0.11	0.93	363327.7097971659	369820.7354934175	198820.73549341754
0.12	0.11	0.95	361327.66479569476	368545.3072557926	197545.3072557926
0.12	0.11	0.97	361327.64231592655	368720.05059769936	197720.05059769933
0.12	0.12	0.81	362327.8081227067	368971.8727896859	197971.8727896859
0.12	0.11	0.99	361327.64376553596	370349.6683530028	199349.66835300275
0.12	0.12	0.83	362327.86046181206	369585.32866355433	198585.32866355436
0.12	0.12	0.85	363327.76153047185	370243.03199029074	199243.0319902907
0.12	0.12	0.87	362327.7416354432	367165.7108685033	196165.71086850335
0.12	0.12	0.89	363327.700521545	368045.2079601221	197045.20796012206
0.12	0.12	0.91	363327.62790730863	366861.44352922763	195861.4435292277
0.12	0.12	0.93	363327.6904874148	367529.5060779053	196529.5060779053
0.12	0.12	0.95	362327.7146247793	369061.68225169275	198061.6822516927
0.12	0.12	0.97	361327.72413040977	370051.97222776245	199051.97222776245
0.12	0.12	0.99	361327.6609492957	370622.7939566194	199622.7939566194
0.12	0.13	0.83	363327.78473568393	368707.82757593517	197707.82757593517
0.12	0.13	0.81	361327.8295756491	368548.9703149817	197548.97031498174
0.12	0.13	0.85	363327.6670826323	367952.9920205835	196952.99202058342
0.12	0.13	0.87	362327.74193673517	368308.4387681771	197308.4387681771
0.12	0.13	0.89	364327.6562432916	368606.26204418205	197606.26204418208
0.12	0.13	0.91	363327.76492072875	369449.9064177294	198449.90641772933
0.12	0.13	0.93	362327.7139960585	368216.7335752429	197216.7335752429
0.12	0.13	0.95	362327.7222607628	368810.8326928147	197810.83269281473
0.12	0.13	0.97	363327.60117592075	369424.4965080614	198424.49650806145
0.12	0.13	0.99	362327.5884794778	370830.25739064853	199830.25739064862
0.12	0.14	0.83	361327.7247470467	365615.9342577557	194615.93425775567
0.12	0.14	0.81	362327.8102390801	367827.674947537	196827.674947537
0.12	0.14	0.85	363327.7137104371	367917.20752586203	196917.207525862
0.12	0.14	0.87	363327.7084161037	368227.5646902881	197227.56469028816
0.12	0.14	0.89	362327.6780347553	368111.7269714479	197111.72697144788
0.12	0.14	0.91	364327.68164152687	367362.44787323195	196362.4478732319
0.12	0.14	0.93	361327.72689853125	368115.6047851413	197115.6047851413
0.12	0.14	0.95	361327.7643038016	369767.0359787347	198767.03597873476
0.12	0.14	0.97	362327.6566355443	369401.97024953563	198401.9702495356
0.12	0.14	0.99	362327.6410131083	370954.940824257	199954.94082425686
0.13	0.05	0.81	362327.93741581915	372564.1552821243	201564.15528212424
0.13	0.05	0.83	364327.833496631	373846.8536595376	202846.8536595376
0.13	0.05	0.85	363327.84503123653	373790.8562425341	202790.8562425341
0.13	0.05	0.87	364327.82134368626	373893.23397191946	202893.23397191943
0.13	0.05	0.89	362327.8477602785	373324.74672122975	202324.74672122975
0.13	0.05	0.91	363327.8255374096	373630.6601281336	202630.6601281336
0.13	0.05	0.95	361327.8084752277	371707.3973438205	200707.39734382048
0.13	0.05	0.93	362327.78123464045	372843.58767791954	201843.58767791954
0.13	0.05	0.97	361327.7259242536	372320.46459748625	201320.46459748625
0.13	0.05	0.99	361327.79326654784	372158.44800490595	201158.44800490595
0.13	0.06	0.81	362327.9379672616	373618.74728526943	202618.7472852694
0.13	0.06	0.83	363327.8755085395	373085.57226251916	202085.57226251913
0.13	0.06	0.85	363327.85462050396	373458.695023233	202458.69502323304
0.13	0.06	0.87	364327.79228411446	372861.5291250424	201861.52912504235
0.13	0.06	0.89	362327.7882236989	371505.6353203036	200505.63532030355
0.13	0.06	0.91	362327.8037836335	371869.65879143984	200869.6587914398
0.13	0.06	0.93	362327.7655144698	372095.3963577045	201095.39635770448
0.13	0.06	0.97	362327.71533984214	370054.8738928532	199054.87389285318
0.13	0.06	0.95	363327.71961447597	371928.1591461324	200928.15914613233
0.13	0.07	0.81	361327.99531483976	373584.8355302234	202584.83553022335
0.13	0.06	0.99	361327.779011933	371645.3065021166	200645.3065021166
0.13	0.07	0.83	363327.90529906197	373380.6546337716	202380.6546337716
0.13	0.07	0.85	363327.83343121695	372739.78127185855	201739.7812718585
0.13	0.07	0.87	361327.90144054394	372214.0510392165	201214.0510392165
0.13	0.07	0.89	361327.88863669784	371522.02142589283	200522.02142589283
0.13	0.07	0.91	364327.7909036154	372236.4888520384	201236.4888520384
0.13	0.07	0.93	362327.81612639094	372026.780785939	201026.78078593902
0.13	0.07	0.97	362327.73428164155	372240.30591355177	201240.3059135517
0.13	0.07	0.95	362327.7553157893	370603.5349749795	199603.53497497956
0.13	0.07	0.99	362327.6659867149	370408.57607432664	199408.57607432667
0.13	0.08	0.81	362328.0235132299	374157.35125483916	203157.3512548391
0.13	0.08	0.83	363327.82633322186	373503.7734794277	202503.77347942773
0.13	0.08	0.85	362327.87583734177	371954.79063412314	200954.79063412314
0.13	0.08	0.87	362327.8060660925	370807.5750348795	199807.5750348795
0.13	0.08	0.89	362327.8210771939	370514.9517314381	199514.9517314381
0.13	0.08	0.91	361327.8044563596	369660.1970709079	198660.1970709079
0.13	0.08	0.93	361327.86484638613	371598.6491326367	200598.64913263675
0.13	0.08	0.95	361327.8534880981	371709.63392294326	200709.63392294323
0.13	0.08	0.97	362327.71497711085	371586.8508009086	200586.85080090858
0.13	0.09	0.81	363327.8495009196	371946.1295985587	200946.12959855876
0.13	0.08	0.99	361327.71042036836	370999.85306537856	199999.85306537853
0.13	0.09	0.83	363327.7683360792	370843.5288716205	199843.52887162054
0.13	0.09	0.87	361327.87432608893	370002.6308111181	199002.6308111181
0.13	0.09	0.85	363327.8635913556	370679.64180619165	199679.6418061917
0.13	0.09	0.89	362327.80546487065	370671.0741632736	199671.07416327368
0.13	0.09	0.91	363327.69863080484	369128.0939156775	198128.09391567757
0.13	0.09	0.95	361327.6973007978	368871.1353677902	197871.13536779015
0.13	0.09	0.93	364327.6833455629	369604.2041627363	198604.20416273634
0.13	0.09	0.97	362327.730315903	370823.8152651046	199823.81526510455
0.13	0.09	0.99	361327.60753154696	369518.59477368783	198518.59477368777
0.13	0.1	0.81	363327.9223118792	372836.7905195266	201836.79051952652
0.13	0.1	0.85	364327.76326839934	370995.8462395156	199995.84623951552
0.13	0.1	0.83	361327.911951773	370253.392536016	199253.39253601598
0.13	0.1	0.87	361327.80473666353	368344.47940777795	197344.47940777795
0.13	0.1	0.89	363327.701338192	369075.4613605506	198075.46136055057
0.13	0.1	0.91	361327.848717712	370666.1204656477	199666.12046564763
0.13	0.1	0.93	362327.7270425343	369742.8365598849	198742.83655988483
0.13	0.1	0.95	363327.6501354301	368842.4418829668	197842.44188296678
0.13	0.1	0.97	362327.7644362777	370721.6220866628	199721.6220866628
0.13	0.1	0.99	361327.7710752089	372323.84069540846	201323.84069540846
0.13	0.11	0.81	365327.7728208115	371599.55823518505	200599.55823518505
0.13	0.11	0.83	364327.8663894875	371881.54855308915	200881.54855308917
0.13	0.11	0.85	361327.8877093512	370614.99626947806	199614.996269478
0.13	0.11	0.87	364327.74485016323	370444.432645658	199444.43264565797
0.13	0.11	0.89	363327.7734527637	369863.67176680046	198863.6717668005
0.13	0.11	0.91	362327.7063233309	368278.9504521843	197278.95045218428
0.13	0.11	0.93	362327.61456751195	367538.55848529475	196538.55848529475
0.13	0.11	0.95	363327.7151195614	369537.07257473766	198537.07257473774
0.13	0.11	0.97	365327.5774112637	369855.49904155324	198855.49904155318
0.13	0.11	0.99	362327.63381119	371997.0308124719	200997.03081247184
0.13	0.12	0.81	362327.89726208954	369194.3544398839	198194.35443988393
0.13	0.12	0.83	365327.77827433613	371101.9322195848	200101.93221958485
0.13	0.12	0.85	362327.78476604354	369688.6652340758	198688.6652340758
0.13	0.12	0.89	361327.8312680596	368540.35907011176	197540.35907011182
0.13	0.12	0.87	363327.68135270535	369526.9002315945	198526.90023159454
0.13	0.12	0.91	361327.7731033974	367167.0152599071	196167.01525990717
0.13	0.12	0.93	361327.70040540816	367552.88556346035	196552.88556346027
0.13	0.12	0.95	364327.67822303483	370274.7598353308	199274.75983533077
0.13	0.12	0.97	362327.6177216783	369575.8444298646	198575.84442986464
0.13	0.12	0.99	361327.69284922525	371268.2738927113	200268.27389271127
0.13	0.13	0.81	365327.792962579	372080.0534451574	201080.05344515742
0.13	0.13	0.83	363327.82853495964	369723.70892291627	198723.7089229163
0.13	0.13	0.85	364327.7129254696	367921.539457209	196921.53945720897
0.13	0.13	0.87	363327.8044871893	370014.0903514518	199014.0903514519
0.13	0.13	0.89	363327.6480081499	368024.9934531855	197024.9934531855
0.13	0.13	0.91	362327.7872820957	368900.6401509991	197900.64015099916
0.13	0.13	0.93	362327.7139931746	368423.29181353666	197423.29181353666
0.13	0.13	0.95	361327.72513449856	368598.7789175351	197598.7789175351
0.13	0.13	0.99	362327.5859535368	370469.784699424	199469.78469942402
0.13	0.13	0.97	362327.66783913336	368960.3852032613	197960.38520326128
0.13	0.14	0.81	362327.86405170505	368629.35934045236	197629.3593404523
0.13	0.14	0.83	363327.7305284277	368150.17953745526	197150.17953745526
0.13	0.14	0.85	362327.70462500455	368515.6096924282	197515.6096924282
0.13	0.14	0.87	363327.7900410912	370474.231030237	199474.231030237
0.13	0.14	0.89	362327.73591298837	367375.1430530064	196375.1430530064
0.13	0.14	0.91	363327.7510288847	369108.591077965	198108.591077965
0.13	0.14	0.93	363327.6522220108	368761.2987110492	197761.29871104914
0.13	0.14	0.95	362327.6749241211	368048.22859865567	197048.22859865567
0.13	0.14	0.97	362327.63777279784	369517.7837446057	198517.7837446057
0.13	0.14	0.99	362327.62911503314	371904.3789448589	200904.3789448589
0.14	0.05	0.81	362327.9100749492	373942.56351568736	202942.5635156874
0.14	0.05	0.85	362327.853712851	373781.413653948	202781.41365394805
0.14	0.05	0.83	363327.85136929667	375153.6100433535	204153.61004335358
0.14	0.05	0.87	363327.86707816785	373776.6241332895	202776.6241332895
0.14	0.05	0.89	363327.8092440059	373409.43013529264	202409.43013529267
0.14	0.05	0.91	363327.8495896215	373145.3866763623	202145.38667636225
0.14	0.05	0.93	364327.7880127457	373470.16866372887	202470.16866372892
0.14	0.05	0.95	362327.808350655	371589.374561091	200589.374561091
0.14	0.05	0.97	361327.7909590696	371915.77752810955	200915.77752810955
0.14	0.05	0.99	361327.73266862996	372024.81188142224	201024.81188142224
0.14	0.06	0.81	364327.8802867591	374557.2617979982	203557.26179799825
0.14	0.06	0.83	361327.90666239767	373148.51849830063	202148.51849830063
0.14	0.06	0.85	362327.87417557626	372546.3759919881	201546.3759919881
0.14	0.06	0.87	364327.77782610356	372069.6464565105	201069.64645651047
0.14	0.06	0.89	361327.8654144292	373061.6955459557	202061.69554595574
0.14	0.06	0.91	363327.7896904673	372044.3864360137	201044.38643601362
0.14	0.06	0.93	363327.80479272257	373746.00029467605	202746.00029467602
0.14	0.06	0.95	362327.7610149932	371004.6824314303	200004.6824314303
0.14	0.06	0.97	361327.757034331	371561.9495402539	200561.9495402539
0.14	0.06	0.99	361327.7198274559	370852.31517828075	199852.31517828075
0.14	0.07	0.81	364327.8506881773	374956.45522322436	203956.45522322436
0.14	0.07	0.83	362327.87716980546	372971.4726961351	201971.47269613514
0.14	0.07	0.85	362327.86361446785	372610.99935148424	201610.99935148426
0.14	0.07	0.87	362327.87099468394	371553.554698857	200553.55469885698
0.14	0.07	0.89	363327.86570291605	371678.1375700349	200678.13757003492
0.14	0.07	0.91	361327.84875191015	372446.8289435993	201446.8289435993
0.14	0.07	0.93	362327.84480016324	370732.06525239523	199732.06525239517
0.14	0.07	0.95	363327.71785607346	371140.29665596434	200140.29665596434
0.14	0.07	0.97	361327.74095326394	371112.4944803065	200112.49448030657
0.14	0.07	0.99	361327.72242396954	371670.2545874971	200670.2545874971
0.14	0.08	0.81	364327.848513635	372147.31205177354	201147.31205177357
0.14	0.08	0.83	363327.87098226754	373634.2078963374	202634.2078963374
0.14	0.08	0.85	362327.79212837305	372041.0003841705	201041.0003841705
0.14	0.08	0.87	362327.857428723	371728.102556448	200728.102556448
0.14	0.08	0.89	361327.8634918769	371134.8321088844	200134.8321088844
0.14	0.08	0.91	361327.7446361755	369718.90662294097	198718.90662294097
0.14	0.08	0.93	362327.8635777045	370785.8286824102	199785.82868241015
0.14	0.08	0.95	361327.8114162674	370505.93019656633	199505.93019656633
0.14	0.08	0.97	361327.72984876	369722.36596399895	198722.36596399895
0.14	0.09	0.81	362327.9921221334	374203.2642593364	203203.26425933643
0.14	0.08	0.99	361327.67939543555	371274.18916646176	200274.18916646173
0.14	0.09	0.83	362327.8828787619	372843.63311142736	201843.63311142733
0.14	0.09	0.85	362327.83734554844	371419.92073958047	200419.92073958044
0.14	0.09	0.87	362327.84512361337	370803.7719323562	199803.7719323562
0.14	0.09	0.89	365327.7010754615	370494.1913564579	199494.19135645786
0.14	0.09	0.91	361327.8235410666	369612.2025540655	198612.20255406556
0.14	0.09	0.93	362327.774373541	369827.53187513695	198827.53187513692
0.14	0.09	0.95	361327.68773606955	367961.201999206	196961.20199920598
0.14	0.09	0.97	362327.6072922438	369345.0120057855	198345.01200578545
0.14	0.09	0.99	361327.7291151207	371591.2981574856	200591.29815748555
0.14	0.1	0.81	363327.8747389305	372200.4804234704	201200.48042347035
0.14	0.1	0.85	362327.83787136246	370238.95356148423	199238.9535614842
0.14	0.1	0.83	362327.7649642781	369942.8982135102	198942.8982135103
0.14	0.1	0.87	365327.6622437951	370664.53896283556	199664.53896283562
0.14	0.1	0.89	363327.7223081299	370273.89993465843	199273.89993465846
0.14	0.1	0.91	363327.69117891195	368803.60018792993	197803.60018793
0.14	0.1	0.93	362327.66087154567	368594.2905624418	197594.29056244186
0.14	0.1	0.95	362327.7658326409	370991.37941934424	199991.37941934424
0.14	0.1	0.97	363327.658737125	369960.71701791586	198960.71701791583
0.14	0.1	0.99	361327.68802334915	370329.08353463316	199329.08353463316
0.14	0.11	0.81	365327.7374598432	370393.4482362094	199393.4482362094
0.14	0.11	0.83	363327.77500522527	369321.1293509019	198321.12935090179
0.14	0.11	0.85	363327.8084735063	371804.543886431	200804.54388643103
0.14	0.11	0.87	363327.7900909864	370593.7846117681	199593.78461176806
0.14	0.11	0.89	364327.81776372495	373210.90590504336	202210.90590504336
0.14	0.11	0.93	363327.6957321914	369586.83388815366	198586.8338881537
0.14	0.11	0.91	362327.70443667856	367812.5554048934	196812.55540489347
0.14	0.11	0.95	361327.7524144977	368585.25933828397	197585.259338284
0.14	0.11	0.97	363327.5828130357	369147.05377006374	198147.05377006377
0.14	0.11	0.99	363327.63769673306	370983.2937330316	199983.2937330316
0.14	0.12	0.81	365327.78129490034	373297.3159151824	202297.31591518244
0.14	0.12	0.83	361327.89537383197	369894.16866207664	198894.16866207667
0.14	0.12	0.85	364327.77384608367	371408.8052255145	200408.80522551452
0.14	0.12	0.87	364327.6720317354	370046.29504726804	199046.29504726807
0.14	0.12	0.89	365327.811933169	370307.86426884425	199307.86426884425
0.14	0.12	0.91	362327.7311604825	367726.3367767478	196726.33677674778
0.14	0.12	0.93	363327.73825085774	370064.60964634584	199064.60964634587
0.14	0.12	0.95	361327.72831574694	369357.0778086239	198357.0778086239
0.14	0.12	0.97	363327.6215025276	369964.6626346149	198964.66263461494
0.14	0.12	0.99	361327.64516426984	370659.9109176619	199659.91091766194
0.14	0.13	0.81	362327.8733519575	371185.9941275264	200185.99412752638
0.14	0.13	0.83	363327.8801689233	372033.3517787435	201033.35177874344
0.14	0.13	0.87	365327.67239291046	369192.2152297937	198192.2152297937
0.14	0.13	0.85	364327.7151331309	368745.71005998587	197745.71005998584
0.14	0.13	0.89	363327.74420472217	370575.833251307	199575.83325130702
0.14	0.13	0.91	362327.76406401594	368400.9355544778	197400.93555447776
0.14	0.13	0.93	361327.784098626	368584.65117545374	197584.6511754537
0.14	0.13	0.95	363327.678994052	371027.270025095	200027.27002509503
0.14	0.13	0.97	362327.6782434697	370341.524326726	199341.52432672592
0.14	0.13	0.99	361327.63765422645	371037.1835046519	200037.1835046518
0.14	0.14	0.81	364327.74520850217	369527.9804828316	198527.9804828316
0.14	0.14	0.83	363327.7376098387	368202.68234068766	197202.6823406877
0.14	0.14	0.85	362327.8194970277	369099.20318754873	198099.20318754873
0.14	0.14	0.87	364327.6257106896	367481.9249598868	196481.92495988673
0.14	0.14	0.89	361327.8122170285	367160.0059973203	196160.00599732032
0.14	0.14	0.93	361327.7799722842	368596.45507528196	197596.45507528202
0.14	0.14	0.95	361327.6344443249	366827.3950443237	195827.3950443236
0.14	0.14	0.91	364327.74336561264	369499.1581055298	198499.15810552973
0.14	0.14	0.97	362327.6953725066	369514.15944329323	198514.1594432932
0.14	0.14	0.99	361327.71234269673	370262.68975363916	199262.68975363908
