	station_ix	driving_cost	distance	station_x	station_y	n_chargers	charging_cost	station_cost
0	0	12.086650526359511	7.369908857536288	273.767465563858	6.88385836053469	8.0	121.06020212205335	9133.146852648413
1	1	29.948236396225955	24.348159671728418	232.670845828044	37.3519415310532	8.0	99.06272338795982	9129.010959784186
2	2	29.843346992529643	24.262883733763935	169.262119791704	6.04653140958778	8.0	97.26079785409337	9127.104144846624
3	3	4.470467625996904	3.634526525200735	265.78159070029	9.30198887531222	8.0	87.53986085298156	9092.010328478978
4	4	11.613742520757413	7.081550317535007	281.555949682465	14.9045928680408	8.0	116.96009499097364	9128.57383751173
5	5	7.205127992700067	4.393370727256138	275.312574157062	15.2117414545123	8.0	118.58206201651247	9125.787190009212
6	7	7.952392728511792	3.879215965127703	264.364512358981	2.10188156307608	8.0	146.91239280466888	9154.86478553318
7	8	21.101008679270116	17.155291609162692	181.116400383832	34.5083080070053	8.0	92.33612868785808	9113.437137367127
8	17	32.18023758050602	11.212626334671086	34.8045234896097	22.9461391469121	8.0	212.51538092613188	9244.695618506637
9	18	18.721130802781772	15.22043154697705	160.038630869833	20.5871872504302	8.0	92.05489573276502	9110.776026535546
10	20	20.246903446750576	12.345672833384496	250.478654333231	63.9041752863282	8.0	122.98417909868611	9143.231082545437
11	22	17.77465198279133	8.670561942825039	21.6328336662942	61.2343566195806	8.0	148.74304373778608	9166.517695720577
12	23	36.026700000000005	21.9675	160.271844885794	39.4549049216188	8.0	128.68182134916145	9164.708521349163
13	25	26.329809534355125	12.843809528953718	213.315408817467	19.0663611726984	8.0	155.6891214860986	9182.018931020455
14	26	10.122627303796044	4.114889147884571	268.481501973151	2.06291331844664	8.0	176.8677181534729	9186.990345457269
15	29	25.034997532002254	10.176828265041566	31.3995152048753	52.9762390873268	6.0	180.6990758924194	8205.73407342442
16	32	4.228508197083595	3.4378115423443862	268.350117209769	13.7335518368022	8.0	86.62574174158581	9090.85424993867
17	38	6.777075050269655	5.50981711404037	258.795188975048	15.1115467723897	8.0	89.2955646723546	9096.072639722624
18	43	9.762821080666004	4.762351746666344	257.627870960863	12.7867901019351	8.0	147.0263798067369	9156.789200887404
19	45	33.75240145203461	13.720488395136021	168.104259299025	25.3479465873581	8.0	184.81343515145082	9218.565836603486
20	49	11.233933020793865	6.849959159020649	29.0284122278953	45.573493909854	8.0	123.19665022252285	9134.430583243317
21	55	9.901523335931174	6.037514229226326	268.223919165867	2.71105237568033	8.0	119.48169255215753	9129.383215888089
22	58	3.1791355728097823	2.5846630673250264	267.094582524385	14.6094066775901	8.0	86.61885461933494	9089.797990192144
23	61	17.452427688603432	14.188965600490596	222.753608522128	36.3767117206562	8.0	92.86232307438118	9110.314750762984
24	62	14.643567407970231	11.905339356073359	214.84122474141	29.0323438439901	8.0	90.0234879349248	9104.667055342896
25	65	9.845153099591572	8.004189511863066	11.3961030594043	49.2713284050065	8.0	90.45341934646737	9100.29857244606
26	66	5.166214092225211	4.200174058719683	271.948984198288	18.2488101395683	8.0	88.41495094138203	9093.581165033607
27	67	11.379077811124604	9.251282773272036	220.728322845493	31.3844745256769	8.0	90.33590733909597	9101.714985150222
28	68	7.7867780200738315	4.7480353780938	23.6081940257692	45.3260707561876	8.0	115.0630922666199	9122.849870286693
29	69	3.901989515387201	3.1723491995017894	265.167097727706	5.80575441538737	8.0	88.02898872291638	9091.930978238302
30	70	3.755344619024408	3.053125706523909	261.170273220637	10.0385574576607	8.0	86.32568635787455	9090.081030976899
31	71	8.949319703321903	7.275869677497482	6.41492181281572	42.5923744709396	8.0	91.43821563702603	9100.38753534035
32	73	4.355332375417784	3.540920630420962	277.12290724205	17.9901453507871	8.0	89.02427935477212	9093.37961173019
33	77	11.387411448438565	9.258058088161436	22.5103376961947	49.8361634317104	8.0	90.94213070826719	9102.329542156705
34	78	75.0105029415203	36.590489239766	243.216469753044	130.928658815262	8.0	172.83134158707907	9247.8418445286
35	82	6.463141333303842	3.152751869904313	273.105335525232	25.9934113582608	8.0	147.17633862343482	9153.639479956739
36	83	13.06613127215106	7.967153214726255	284.889278575485	31.2014149950625	8.0	122.9752746954028	9136.041405967553
37	88	3.419236488045355	2.7798670634515075	267.848424989216	13.0037254003795	8.0	91.00754836744426	9094.42678485549
38	91	28.334455453195186	11.518071322437068	19.2796069836556	52.0073107941275	8.0	179.98517399452552	9208.31962944772
39	92	13.691771062759427	5.565760594617653	266.7907173355	7.58149955967647	6.0	178.7853717115775	8192.477142774336
40	94	9.697751462002824	3.942175391058058	270.925984304034	23.7304424348938	8.0	175.97899140755842	9185.67674286956
41	98	23.326748132993256	11.378901528289393	233.676560180403	40.3224105077912	8.0	151.69821128676583	9175.02495941976
42	102	79.18303780217849	38.62587209862365	252.31263416436	91.5461806666539	8.0	172.65285277201315	9251.835890574192
43	103	55.25194015007916	26.952165926867885	242.465415337818	62.6837550278426	7.0	165.16306525380745	8720.415005403887
44	105	27.4213535592792	9.554478592083345	29.6299334237994	50.6362833441568	8.0	212.09527587928937	9239.516629438569
45	111	18.681112412209664	11.390922202566868	200.046849263737	42.5355429326077	8.0	122.322269803031	9141.00338221524
46	112	16.655017107722646	13.540664315221663	257.983986589612	109.391993643947	8.0	91.8830169437654	9108.53803405149
47	115	10.14789149284657	6.187738715150347	252.431957410592	16.7264799802913	8.0	119.6443290757912	9129.792220568637
48	117	9.024903300871976	4.40239185408389	253.799223642167	0.843763417482717	8.0	146.06679314348514	9155.091696444357
49	124	7.996170137346613	4.875713498382082	275.120454959888	30.2790279631238	8.0	120.59043266771344	9128.58660280506
50	128	3.710499999999999	4.524999999999999	27.889176903777	38.150095127267	2.0	59.67703669620569	6063.387536696206
51	129	14.459093315957944	8.816520314608502	20.6451015545097	55.0179390747073	4.0	118.6451458035929	7133.1042391195515
52	130	5.013288900968712	4.075844634933913	259.311859248382	7.89477511452676	8.0	89.34397614970842	9094.357265050678
53	133	25.344065809016545	12.362958931227583	195.750167982298	35.1749626384359	8.0	153.35262116044274	9178.696686969459
54	136	17.689489964603965	14.381699158214605	39.89382135066	41.7703603915654	8.0	89.61477049681133	9107.304260461417
55	138	11.26802272651306	4.580497043297991	266.741491129894	19.3500480444428	8.0	175.07329684797327	9186.341319574487
56	139	7.335335498931371	4.472765548128884	266.430690226125	16.5344689037422	8.0	113.03652462082576	9120.371860119758
57	140	21.434190624086927	8.713085619547531	21.9732305033067	70.072858932628	8.0	177.71322795262373	9199.147418576711
58	141	6.740726697911417	4.110199206043547	258.479006692224	15.9753984120871	8.0	118.29422546953964	9125.03495216745
59	142	7.732798064509687	4.715120771042492	267.690241542085	17.3408513311406	8.0	115.15467256598711	9122.887470630496
60	146	48.571984010602684	23.69365073687936	17.8715319548394	110.027150451085	6.0	164.63075666148862	8213.202740672092
61	147	4.090217611190525	2.4940351287747102	268.28833223451	13.4664024920594	8.0	118.02786052100278	9122.118078132193
62	150	23.084639675800215	9.38399986821147	252.290217795982	48.4572174006164	8.0	183.43265020843324	9206.517289884234
63	151	19.637786093262662	9.579407850372029	159.282508997973	22.2948554152597	8.0	148.5218723424516	9168.159658435714
64	152	15.07987689308732	7.356037508823083	24.9025671981349	55.4624759308039	8.0	149.0684090854714	9164.148285978557
65	153	16.84773927663753	13.697349005396365	25.5255916917303	28.0935446755412	8.0	93.00987421327012	9109.857613489909
66	157	27.541466918991766	13.434861911703301	187.552617903774	11.0610241792365	8.0	155.72252894815608	9183.263995867148
67	159	7.740800000000017	4.72000000000001	274.4083740021	14.4620643625464	8.0	119.46513696910009	9127.205936969101
68	161	13.036124268250422	6.359085008902644	252.300095761534	5.9655208060472	8.0	147.9728108086631	9161.008935076914
69	165	33.943900000000006	20.6975	150.368084451532	72.9957122249317	8.0	126.164509124837	9160.108409124838
70	166	18.93083907681198	15.390926078708928	235.643880656545	59.6277803691094	8.0	89.64958332160681	9108.58042239842
71	167	8.941845006500492	3.6348963441058904	270.551504348679	13.6161933809966	8.0	175.3746628211523	9184.316507827652
72	171	16.3350964404025	7.968339727025609	184.123659697485	8.25659985229701	5.0	150.97336318674138	7667.308459627144
73	172	26.743375086658975	16.306936028450593	193.097447604853	38.2411279430988	4.0	127.56199567419311	7154.305370760852
74	174	23.0260785466505	14.040291796738108	166.532822196346	22.1012279861682	8.0	123.56746516739105	9146.593543714042
75	176	7.424363526643217	4.52705093088001	260.083876843146	20.94910186176	8.0	116.53013739760668	9123.95450092425
76	177	8.138332550885831	6.616530529175472	276.597174735617	14.7811157943774	8.0	87.03036313747074	9095.168695688357
77	180	13.98936201935814	8.530098792291549	12.3927284117349	39.922925996318	8.0	120.6767194971793	9134.666081516538
78	181	4.844306497659797	3.9384605672030872	253.1126862648	19.1119320335907	8.0	86.7997220954062	9091.644028593066
79	182	4.754108090572165	3.8651285289204593	275.616653816495	18.7445758627236	8.0	85.59532131253529	9090.349429403108
80	185	14.154589236214386	6.90467767620214	278.553936105783	31.2726755132063	8.0	147.17560346107518	9161.330192697289
81	191	9.341964111483126	4.55705566413811	270.146690595035	18.3184500352652	8.0	148.17517454064924	9157.517138652132
82	193	16.657185310693034	10.15682031139819	260.288392406691	44.8672872819108	8.0	124.46534877476202	9141.122534085454
83	197	10.077637040720381	6.144900634585598	23.9726181527909	53.8424194219621	8.0	122.26619983827207	9132.343836878992
84	200	13.086695771034218	5.319795028875698	256.843470996062	18.1290859094349	8.0	172.12659655139313	9185.213292322427
85	202	9.912054944430023	8.058581255634165	22.1813174273953	46.4844263395072	8.0	91.67469990761963	9101.586754852051
86	203	16.17969082056147	9.865665134488701	36.5915959439085	49.9686697310226	8.0	121.8000493429139	9137.979740163475
87	205	40.46157726002289	19.737354760986776	185.771263672474	7.31943517764415	8.0	157.48387798631836	9197.945455246341
88	207	4.75830655333892	3.868541913283674	271.527128374944	19.4929891353169	8.0	87.28067352019103	9092.03898007353
89	208	14.106009976559076	11.468300793950467	29.5239696196547	26.9309327621967	8.0	90.38791234024293	9104.493922316802
90	214	13.181433017016664	10.716612208956636	186.816297361837	19.0530184862137	8.0	93.4149323649126	9106.596365381929
91	217	17.53735908145609	10.6935116350342	50.2284270282352	41.9185962418332	8.0	122.74506557074768	9140.282424652203
92	221	9.620104807695506	5.865917565667992	242.173164868664	56.7718202927034	8.0	116.68786218984108	9126.307966997538
93	225	6.872380008638533	4.190475615023496	261.164048769953	2.75614758569757	8.0	114.95270391627201	9121.82508392491
94	229	48.822195567326055	29.769631443491495	90.900737113017	45.1812973409264	8.0	137.165432185066	9185.98762775239
95	231	28.665638379513574	23.305397056515098	38.5680630721008	50.5734601286159	8.0	93.9789589163551	9122.644597295868
96	234	10.77120878454089	8.757080312634871	10.1583374274824	38.710421634613	8.0	87.88005399088956	9098.651262775431
97	235	38.791003124857696	13.51602896336505	206.301594257763	21.4520676662272	7.0	215.98793700335702	8754.778940128215
98	236	7.104197064829377	4.331827478554498	270.096345042891	24.5983188876664	8.0	118.37643967833552	9125.480636743165
99	241	4.842773832081146	3.937214497626948	261.493232640494	24.4451238666252	8.0	84.64033118840175	9089.483105020483
100	246	29.17568647365514	14.2320421822708	26.4399278290395	17.6939433835371	8.0	153.33794446311555	9182.51363093677
101	248	4.861662783334551	2.371542821138805	260.790193113233	6.58247900753897	8.0	144.8398145708596	9149.701477354194
102	252	10.43587101138515	8.484447976735893	254.58234184059	53.7436815915623	8.0	89.43666275734373	9099.872533768728
103	256	10.47186340132082	5.10822604942479	279.407799414753	16.652976553959	8.0	146.45225701582075	9156.924120417141
104	259	6.759909029676082	4.121895749802489	262.516208500395	21.3091215581354	8.0	119.44594981735816	9126.205858847035
105	260	4.93454616551873	3.008869613121177	267.73904245818	9.79678168442234	8.0	113.82867396167228	9118.763220127192
106	261	7.02694231384408	4.284720923075658	265.069923043656	17.4945188024953	8.0	114.93235650209873	9121.959298815942
107	265	7.475383823723055	3.646528694499051	278.52420935656	21.6510490569816	8.0	144.52578753621302	9152.001171359936
108	271	5.3456678539267894	3.259553569467555	261.051236627591	12.7653437665261	8.0	117.66039653874843	9123.006064392675
109	272	8.759647635790925	7.121664744545467	36.2769074629154	38.141913229279	8.0	89.64005634480279	9098.399703980594
110	273	21.81705635815382	10.642466516172595	49.1211609163232	54.1833055998494	8.0	150.22026657754824	9172.037322935703
111	274	16.4831144321889	10.0506795318225	37.8783990309221	26.8220399672771	8.0	119.72577092106354	9136.208885353251
112	277	10.282780085824387	6.269987857209992	248.56997571442	8.6911957192906	8.0	120.47204827295377	9130.754828358778
113	284	9.893073830810051	6.032362091957348	23.0120590393793	39.2297241839147	8.0	119.54513004464077	9129.438203875452
114	287	14.539672231477574	8.865653799681448	24.209476201832	57.8492161988051	8.0	117.97755746901497	9132.517229700494
115	289	39.67847034705529	16.129459490672883	228.69873537385	47.2054538621593	8.0	186.70960375554665	9226.388074102602
116	290	30.606960544012793	18.662780819519995	233.437695362287	107.167133723247	8.0	129.69766117241713	9160.30462171643
117	291	17.307398645944733	14.071055809711165	190.673148770882	38.9799813417485	8.0	91.49025806597429	9108.797656711919
118	295	3.9770157939560375	4.850019260921997	253.824980739078	0.677151744010804	2.0	59.6209264334104	6063.597942227367
119	299	25.711099999999995	15.677499999999998	174.71691287028	13.1356145121317	8.0	125.70506595797701	9151.416165957977
120	303	17.55452618148683	14.271972505273844	268.171232343997	56.9946851718245	8.0	92.01245651228176	9109.566982693768
121	304	39.11671196431544	15.901102424518474	159.971619760834	38.1565467952234	8.0	184.75224350836342	9223.868955472679
122	305	8.566300424760344	5.2233539175367945	270.24892328841	29.4993688765164	8.0	119.6350030612261	9128.201303485987
123	306	6.622369281597424	4.038030049754527	264.870097454878	3.36393990049094	8.0	118.18590769127428	9124.808276972872
124	308	11.894357852821203	7.252657227330002	276.20968554534	26.7084251912192	8.0	121.17703859959072	9133.071396452411
125	309	7.14906937916284	4.359188645831	32.0698922745969	35.941622708338	8.0	115.61783723071022	9122.766906609873
126	312	7.3451729621228035	4.478764001294392	258.812166046716	3.57530595069519	8.0	118.02058980078971	9125.365762762913
127	313	30.33641453259357	14.798250991509057	138.139300790894	6.25944425156068	8.0	153.44225185777816	9183.778666390372
128	314	9.662805018823448	5.8919542797703945	251.623312021343	6.0255965381978	8.0	117.78308143733855	9127.445886456162
129	317	8.743131830841849	5.3311779456352735	270.034194965046	20.3015508563166	8.0	115.60719771864252	9124.350329549485
130	319	2.9666345074658396	2.411897973549463	263.222532000795	16.6017740785566	8.0	85.60782764577408	9088.57446215324
131	320	17.990800000000004	10.970000000000002	185.702205906946	25.819201024674	8.0	122.16940206750867	9140.160202067509
132	327	7.205910607835341	5.858463908809221	254.329127569271	2.95373584284337	8.0	87.63450894287872	9094.840419550714
133	331	7.9303015283295855	4.835549712396088	282.535801808452	38.3610994247922	8.0	117.8339062592756	9125.764207787604
134	332	5.624500976443945	3.4295737661243564	268.594511465439	11.4258524677513	8.0	115.77815202220027	9121.402652998644
135	336	7.69037595284995	3.7514029038292436	277.516777539881	16.3033181004967	8.0	145.01409020277902	9152.704466155628
136	337	25.166991536650738	10.230484364492169	252.276439626773	38.2335469065235	8.0	183.02334195045304	9208.190333487104
137	340	15.913703660889835	6.468985228003998	252.418044315988	52.3777050726368	7.0	177.8844405269344	8693.798144187824
138	341	26.92469999999998	8.208749999999993	279.606258173169	30.5018473916551	8.0	238.00000986938807	9264.924709869389
139	345	30.80716616845972	18.78485741979251	239.779714839585	23.1316880974169	8.0	123.55262563322141	9154.359791801682
140	350	8.991452950402593	4.386074609952484	270.96824498701	8.60489198920761	8.0	142.9565380900319	9151.947991040433
141	351	10.298076778121471	6.2793151086106525	33.0312001022998	38.1451696804789	8.0	118.70500696073893	9129.00308373886
142	353	13.324203999521792	10.832686178473002	20.9293777733893	67.8333084050837	8.0	91.44475430881377	9104.768958308336
143	354	12.774204549110468	7.789149115311261	278.915259924726	-1.94151915294828	7.0	121.04860811097818	8633.822812660088
144	356	7.7688679116661685	6.316152773712332	18.3643230407588	45.5419549065406	8.0	90.01666415743445	9097.785532069101
145	357	10.972776016314514	5.3525736664948855	281.813686452601	27.3691818798735	8.0	145.58818118902843	9156.560957205344
146	362	48.740853561348835	29.72003265935905	24.3975452360153	75.0348442092513	8.0	137.4803728148622	9186.221226376212
147	363	14.636339351281176	7.139677732332281	18.7417337010338	37.6801223626952	8.0	150.39479745455026	9165.031136805832
148	368	5.383417671156397	3.28257175070512	255.09052383526	8.50961966615024	8.0	117.03555572252566	9122.418973393682
149	369	10.528869147113449	6.420042162874054	21.3231364086346	59.1130520828865	8.0	115.07494884898969	9125.603817996103
150	370	7.371974993645782	5.993475604590068	26.0743894593339	49.4051837268959	8.0	88.55640085237246	9095.928375846019
151	372	25.32061515244383	10.292932988798302	194.770260018703	40.9581063346003	8.0	182.4572163671259	9207.77783151957
152	374	5.817899999999985	3.547499999999991	269.321063921495	12.4960035358663	8.0	116.61175761365907	9122.429657613658
153	376	5.9855478755550955	4.86629908581715	276.201439960627	25.4503372180784	8.0	87.63787843038851	9093.623426305943
154	378	11.47464144466989	6.996732588213346	21.904805184274	47.3469244550253	8.0	122.23899919439825	9133.713640639067
155	379	8.56559661614301	4.178339812752688	259.801232835601	27.8853975705665	8.0	144.32160432199905	9152.887200938141
156	380	10.466640614845325	6.382097935881296	256.56180718585	53.2841958717626	8.0	120.39611985987877	9130.862760474723
157	382	34.18020576984302	16.6732711072405	191.629910704459	27.6837337593385	8.0	156.8774025282618	9191.057608298106
158	383	17.16825782409422	13.957933190320505	185.000533693948	42.3956667350905	8.0	90.13287275987891	9107.301130583972
159	385	7.443181666488816	3.630820325116496	271.566270627413	22.4752897433434	8.0	146.97495770650042	9154.418139372989
160	387	18.35590670700384	7.4617506939039995	27.3713257717731	39.4260736900611	8.0	173.17984623518694	9191.53575294219
161	388	11.274078550656485	6.874438140644199	19.0738762812884	32.0193050811847	8.0	116.78344656101906	9128.057525111675
162	389	10.848083456848963	6.614685034664002	19.085629930672	58.4099683182	8.0	116.73041902985702	9127.578502486707
163	394	18.448883708441254	8.999455467532318	16.1440961652912	22.165003719404	8.0	149.24424224746926	9167.69312595591
164	395	15.140829054633437	6.1548085587940795	288.373494609078	25.8862182291131	7.0	176.3577514736285	8691.498580528261
165	396	5.264400000000002	6.420000000000002	246.888322697028	58.7920267405069	8.0	57.18309096015133	9062.447490960152
166	398	9.451905783336269	5.763357184961139	274.375878083234	26.1675924531563	8.0	120.6279261896638	9130.079831973
167	400	11.100666204538753	9.024931873608741	183.658324823731	35.5922931851476	8.0	93.30303564584725	9104.403701850386
168	402	3.2762084842913435	2.6635841335701977	263.513381169077	25.4858664302124	8.0	85.6504519948227	9088.926660479114
169	403	22.733226688009456	18.482298120332892	31.0464321288739	132.557597974377	7.0	93.15769140009708	8615.890918088106
170	405	11.479820470487734	9.33318737438027	262.072428622052	62.9677237430151	8.0	91.12638917908183	9102.60620964957
171	409	11.435161520838665	6.972659463926014	274.224681072148	9.68868036900575	8.0	116.13377515125478	9127.568936672094
172	411	25.363673672240644	15.465654678195515	181.411530503197	42.717389426597	8.0	124.91936240536108	9150.283036077602
173	412	27.430942564851808	22.301579321017734	182.391279099464	33.3439829374828	8.0	96.80771088291378	9124.238653447766
174	414	4.43621503229929	3.606678888048203	284.078019637812	30.9620170263326	8.0	88.70748574829028	9093.143700780589
175	416	87.16983695868235	35.4348930726351	131.609373896741	17.6290685755767	8.0	206.09754693299482	9293.267383891678
176	417	10.151723257699102	3.537185804076342	262.165237597608	13.8979955262139	8.0	204.9437576385529	9215.095480896252
177	419	12.824399033519706	10.426340677658297	37.4675490692617	51.6695090120956	8.0	90.25443645715539	9103.078835490676
178	420	9.517638772067013	4.642750620520494	282.815690671457	17.8933189117685	8.0	147.35984501188395	9156.877483783952
179	422	13.77073195645665	11.195717037769635	251.164500665462	12.5326504478469	8.0	90.79953337659498	9104.570265333052
180	425	15.897517521856626	7.754886596027621	283.490173882233	22.3346068623712	8.0	149.1114611345605	9165.008978656417
181	426	19.353205194725447	6.743277071332908	281.398216258263	19.1670519191978	8.0	206.77426048851396	9226.12746568324
182	437	23.35237614957509	14.239253749740907	208.200937201555	8.0291834518141	8.0	122.32771005304153	9145.680086202618
183	438	5.186452297367459	4.216627884038584	259.969410474441	16.4492941265567	8.0	88.13817777995678	9093.324630077324
184	439	4.654781863621274	3.784375498879084	269.682457839952	5.82933134331476	8.0	86.41883076672812	9091.073612630349
185	443	21.9617440578955	13.391307352375303	245.562601703936	51.9286926476247	8.0	123.55241858969627	9145.514162647592
186	446	13.469219746470372	4.106469434899504	256.595877739598	8.26658813878487	8.0	234.29295527897625	9247.762175025448
187	450	6.117199999999976	3.7299999999999853	279.560576419291	24.4538653860506	8.0	119.53694500867384	9125.654145008673
188	451	25.113751531764514	12.250610503299763	250.912338189937	57.0613206844374	8.0	155.81903182352167	9180.932783355285
189	452	5.118591610850001	4.161456594186992	276.100550070976	23.551639951179	8.0	88.85236754817429	9093.970959159025
190	454	10.766857179057038	6.5651568164981935	256.628708849288	54.2159775177156	8.0	117.75142703221856	9128.518284211275
191	456	62.91040000000002	25.573333333333338	140.248201544325	105.416301543398	8.0	194.41649030461113	9257.326890304612
192	457	5.273335098571752	4.2872643077819115	260.685575319459	11.1320725346289	8.0	86.473882019605	9091.747217118176
193	458	5.71681820853003	3.4858647612987985	248.974015889379	9.71135681660931	8.0	118.41408234448186	9124.130900553013
194	459	12.74199736805714	10.359347453704991	195.783776760994	27.255734399879	8.0	92.13182337500069	9104.873820743058
195	462	4.96463772147076	4.036290830464033	254.557520855741	13.1136900758309	8.0	88.64961533736953	9093.61425305884
196	463	12.70030927302647	6.195272816110472	279.359521860554	33.0731577800017	8.0	147.01508523371783	9159.715394506744
197	465	18.39312656970686	8.97225686327164	37.9196584618481	68.2223089308139	8.0	150.15509878061624	9168.548225350323
198	466	11.709136102301509	5.711773708439761	26.2354894020056	48.2943579442044	8.0	146.1887360724623	9157.897872174763
199	467	12.41293491520786	7.568862753175523	7.15727449364895	57.064348209484	8.0	119.61484771346979	9132.027782628677
200	468	14.92058261670964	12.130554972934666	18.1052756693146	32.8463892494894	8.0	91.66091657561459	9106.581499192325
201	475	3.9930890927003007	3.2464138965043094	252.257250274616	5.06099251336098	8.0	90.00988793703112	9094.002977029731
202	480	13.661533462525101	5.553468887205326	285.757804747985	23.882296669192	8.0	176.63423169280586	9190.29576515533
203	486	9.092857026405762	7.392566688134765	27.4389390275873	63.851238963183	8.0	92.10617355191624	9101.199030578322
204	490	16.11359396391187	9.825362173116995	259.697966569911	39.427137826883	8.0	122.1354595561323	9138.249053520045
205	492	22.671751494126404	9.216159143953822	264.527202254159	50.7493203139795	8.0	180.62029434772234	9203.292045841848
206	493	9.166005670609339	5.589027847932524	257.533055695865	9.08104713107979	8.0	115.99428796241483	9125.160293633024
207	495	25.247746837476104	10.263311722551261	284.295270608217	35.2001677202816	8.0	178.25739877559477	9203.505145613071
208	496	13.361388931397714	6.5177506982427875	283.073582048156	29.6916095189807	8.0	146.99703316832637	9160.358422099725
209	499	4.577352014132738	3.7214244017339335	242.165105918729	8.03972242882426	4.0	86.75987363832097	7091.3372256524535
210	500	18.629256561219787	15.145737041642102	145.039943765466	68.9626201714717	8.0	91.83480837326219	9110.464064934482
211	501	15.211750576393095	7.420366134825899	23.1613532725465	38.25222914351	8.0	147.64419236504656	9162.85594294144
212	502	8.933846506175858	4.3579739054516375	261.459248409658	7.30637252103186	8.0	147.16482976323832	9156.098676269414
213	503	30.845566571065532	12.538848199620135	44.2903763811742	57.5257722994302	8.0	184.25695501375307	9215.102521584819
214	504	28.985871916245127	17.674312144051903	165.607321662654	9.66369737455019	8.0	127.41570820566243	9156.401580121907
215	510	10.14127070780743	6.183701651102091	280.037388973748	33.0402077240478	8.0	119.6826756462951	9129.823946354103
216	514	5.1556466961330845	3.1436870098372465	260.747551817215	1.11017779754052	8.0	115.45138587861817	9120.607032574751
217	515	45.436810597611064	27.705372315616508	197.344613650766	96.7973208590005	8.0	130.62543051673512	9176.062241114345
218	518	36.81491077865104	17.958493062756606	233.74494319632	128.947635724823	8.0	161.31596675546044	9198.130877534111
219	520	19.252973907023616	11.73961823599001	193.33461823599	15.6548750485807	8.0	124.10367828797546	9143.356652194998
220	524	34.45146534420069	21.006991063537008	246.055779239567	111.776017872926	4.0	128.06626042908474	7162.517725773285
221	526	31.3064689827084	19.089310355309998	121.002717337708	117.120669024164	8.0	127.85481345291538	9159.161282435623
222	527	10.621352427103417	5.181147525416301	262.61308467841	23.0888223054915	5.0	149.28499105735247	7659.906343484456
223	528	13.403713282776101	6.538396723305414	254.506611517895	18.326308675684	8.0	145.39489605806418	9158.79860934084
224	530	7.154630724592398	2.908386473411544	271.58143069597	27.7801594202346	8.0	172.96210947937462	9180.116740203968
225	533	84.97519384440287	41.45131407044042	195.358521816711	58.7573171548363	8.0	176.36457979984175	9261.339773644246
226	534	4.567912626654288	3.713750102970965	265.662445578753	15.2011952698401	3.0	88.343192674189	6592.911105300844
227	535	5.1467370856234576	3.1382543205021083	277.818626971484	23.6615086410042	8.0	120.0242503052974	9125.17098739092
228	538	18.560700000000004	11.317500000000003	242.158794894856	56.6122279354201	8.0	122.0403185048177	9140.601018504818
229	540	9.6725946419548	3.3702420355243206	274.700663300829	14.4523575494992	7.0	199.76003225756347	8709.432626899517
230	541	10.91271283901547	8.87212425936217	247.455284207876	44.8129704765965	8.0	90.52643939514425	9101.43915223416
231	542	7.4047223398010065	6.02009946325285	241.133393823027	3.02543592907148	8.0	85.92131735708759	9093.326039696889
232	546	10.619000000000009	6.475000000000006	275.203499825	14.3634829886129	8.0	116.5131213752795	9127.13212137528
233	547	5.810692239950044	4.724140032479711	272.626340239827	4.06374655424461	8.0	88.76461404591544	9094.575306285866
234	548	6.76179057634864	3.298434427487142	264.685066129906	12.1430262522822	8.0	146.85103148154803	9153.612822057898
235	549	7.685688546992395	6.248527273977557	276.636955172368	20.2674630056993	8.0	86.73099107306247	9094.416679620055
236	550	31.32480716710758	19.100492175065597	212.884790900614	99.0521123746274	8.0	127.9012979619686	9159.226105129077
237	551	3.3810773213470213	2.7488433506886354	268.350430138537	14.955239636455	8.0	85.16160210287161	9088.54267942422
238	553	14.81285442320853	7.225782645467575	244.477474980264	60.6554960955153	8.0	150.05769255136443	9164.870546974573
239	555	7.383314340348469	3.601616751389497	264.28283117212	22.4409149290675	8.0	145.4552468434458	9152.838561183795
240	557	19.167984719610867	9.350236448590667	5.91312771583582	39.0094346095392	6.0	148.58253446270837	8167.750519182319
241	560	15.51745143595324	7.569488505343044	6.11931747598508	42.7332399972997	8.0	148.15502329771152	9163.672474733665
242	563	5.783312690343585	4.701880236051695	273.563903656451	22.3317370517041	8.0	86.870760677062	9092.654073367405
243	565	18.543775635334587	5.65359013272396	269.426684141613	23.7472711858781	8.0	242.53820337245264	9261.081979007788
244	572	33.32222181446428	20.31842793564895	42.7579274991591	52.2577108696161	8.0	128.55078383459613	9161.87300564906
245	573	7.538488493825053	6.1288524340041075	266.052452234119	36.8909904638687	8.0	91.49908770632813	9099.037576200153
246	576	7.682420761384755	6.245870537711183	282.821173947107	8.33118744465783	8.0	88.02415237767111	9095.706573139056
247	579	10.0625218220845	6.135684037856402	24.3186319242872	42.0341329428075	8.0	117.6712138574104	9127.733735679496
248	581	39.1509	23.8725	259.804790280463	71.0053596749209	8.0	128.53079769235234	9167.681697692351
249	583	14.307150060524746	6.979097590499875	246.73138878861	60.0968767411094	8.0	148.92881966705883	9163.235969727582
250	588	10.94540522454897	6.6740275759444945	202.911944848111	36.5377299109576	8.0	121.62594667502394	9132.571351899573
251	591	13.405457070497263	10.898745585770133	24.7723274918642	53.712260255699	8.0	88.67331472360121	9102.078771794098
252	593	5.680553740753653	4.618336374596466	24.6432550123593	49.2382641361487	8.0	88.02195893044563	9093.7025126712
253	594	16.313373220484575	7.95774303438272	19.1811300271978	46.8300516002962	8.0	148.9344045822242	9165.24777780271
254	598	6.75690161036789	2.746707971694264	265.345127992539	10.1973740461891	8.0	175.1761123336037	9181.933013943972
255	599	6.956728062985964	4.241907355479246	277.131828740272	19.1593565487695	8.0	117.94542927954564	9124.90215734253
